"","p_val","avg_log2FC","pct.1","pct.2","p_val_adj"
"XIST",0,4.13615508768194,0.933,0.003,0
"UTY",0,-1.53842239871569,0,0.619,0
"NLGN4Y",0,-1.79127312563078,0.002,0.657,0
"TTTY14",0,-2.1212513559036,0.002,0.721,0
"USP9Y",0,-1.78793406665392,0,0.677,0
"PCDH9",3.12577595127189e-290,1.03858948421475,0.979,0.896,7.84726052566808e-286
"PCSK1N",1.91261336856251e-277,-1.41277016432076,0.242,0.737,4.80161586177618e-273
"CALM1",6.19468877366724e-252,-1.28652358514153,0.666,0.915,1.55517661662916e-247
"ATP1B1",7.7987505263975e-252,-1.34183558785375,0.447,0.828,1.95787631965209e-247
"PPP2R1A",3.20680547210697e-247,-1.23306641787006,0.335,0.785,8.05068513772454e-243
"ACTB",6.48557584187755e-242,-1.26150498459913,0.522,0.866,1.62820381510336e-237
"RALYL",4.36579851242976e-238,1.1755138332059,0.886,0.667,1.09603371654549e-233
"FAM155A",4.73580750971277e-238,0.832728618398034,0.956,0.898,1.18892447531339e-233
"FAIM2",5.58705460268667e-238,-1.22220472615213,0.54,0.871,1.40263005800449e-233
"NORAD",1.23197230244477e-234,-1.28022624241671,0.369,0.787,3.0928664652876e-230
"TERF2IP",5.4353010901866e-222,-1.06558115482391,0.259,0.716,1.36453233869135e-217
"MTRNR2L1",1.78056397220199e-216,-1.07573747919574,0.005,0.365,4.47010585221308e-212
"KDM5D",1.86830908802504e-214,-0.76696516308465,0,0.351,4.69038996548685e-210
"SYT1",6.9476035686269e-211,0.633438467342102,0.975,0.963,1.74419587590378e-206
"MT-ND3",4.03676706106732e-208,1.17272146323404,0.982,0.956,1.01343037068095e-203
"PEBP1",3.61273199303695e-201,-1.0870217220531,0.294,0.717,9.06976366851927e-197
"PREPL",5.28299082473281e-196,-0.970104436452599,0.506,0.848,1.32629484654917e-191
"PRNP",5.76508340513264e-196,-0.995186639236187,0.58,0.884,1.44732418885855e-191
"PDE10A",5.8564610375116e-195,-1.03000445929491,0.179,0.614,1.47026454346729e-190
"PTPRD",5.86229714186184e-191,0.988251979991487,0.945,0.885,1.47172969746441e-186
"CALY",2.70616090245053e-181,-1.0715523764852,0.27,0.681,6.79381694560205e-177
"GDI1",3.37064437915479e-180,-0.98450448644891,0.428,0.796,8.46200271386809e-176
"NUCKS1",4.97962279693809e-178,-0.915122169201962,0.454,0.815,1.25013430317131e-173
"TSPAN7",2.82838931032295e-176,-0.971299501200342,0.206,0.613,7.10067136356578e-172
"ATP6V1B2",6.13429293146233e-176,-1.00544746804786,0.277,0.679,1.54001424044362e-171
"MT-ATP6",1.3776896784677e-174,1.05344945928545,0.971,0.941,3.45868993779317e-170
"PDZRN4",1.07077404597655e-173,1.72361375249297,0.587,0.281,2.68817824242412e-169
"RAB3A",1.2439958975805e-173,-1.00527692718743,0.117,0.493,3.12305170087585e-169
"SLC12A5",1.34119602442278e-172,-0.966959065418329,0.264,0.671,3.3670726193134e-168
"PPIA",1.85356653258934e-172,-0.954391414623412,0.254,0.657,4.65337878006553e-168
"PNMA2",4.34358168410163e-171,-0.927101408029596,0.257,0.659,1.09045618179371e-166
"PLXDC2",3.12112872453369e-170,1.45715528470608,0.653,0.406,7.83559366294183e-166
"IDS",1.53488716164655e-169,-0.906889615773857,0.641,0.892,3.85333421931366e-165
"EEF1A2",4.45586677414099e-169,-1.02900472449345,0.339,0.731,1.11864535364809e-164
"NKAIN2",1.38578488256524e-168,1.02582733844564,0.87,0.735,3.47901294768002e-164
"GNAS",2.87600430292603e-163,-0.86977562786078,0.602,0.88,7.22020880249581e-159
"CADM2",2.99081630039005e-163,0.619484896780614,0.98,0.949,7.50844432212921e-159
"MT-CO1",1.66614490960207e-162,-0.955557543060949,0.94,0.998,4.18285679555598e-158
"AC092691.1",2.04104858719463e-159,1.1098235517748,0.848,0.743,5.12405247815211e-155
"PCDH11Y",4.50009355821706e-156,-1.284629758411,0.011,0.29,1.12974848779039e-151
"RPH3A",1.09925641381911e-153,-1.00698553136713,0.134,0.498,2.75968322689288e-149
"CLIP3",1.0166313528549e-148,-0.866660936324665,0.245,0.625,2.55225301134223e-144
"LRP1B",2.67293258120479e-148,1.08810506957268,0.94,0.866,6.71039724511463e-144
"DIRAS1",6.50056258635117e-147,-0.868773328399179,0.155,0.511,1.63196623730346e-142
"TTTY15",3.9778218993033e-146,-0.548213268398637,0,0.253,9.98632187820093e-142
"CELF2",4.09572476922748e-146,0.663872106199968,0.938,0.9,1.02823170331456e-141
"NEGR1",7.12599553188606e-143,0.78017710902006,0.926,0.884,1.78898117827999e-138
"ENO2",8.84658928220844e-142,-0.96506322651392,0.429,0.76,2.22093623929843e-137
"AC098850.3",3.79128121280591e-141,-0.853976867565228,0.373,0.706,9.51801148474923e-137
"PKM",3.99710719844737e-138,-0.881498889847174,0.339,0.692,1.00347376217021e-133
"FKBP8",4.59574915613434e-136,-0.835117953353586,0.281,0.647,1.15376282564753e-131
"CLSTN2",5.83861952679392e-135,1.23507018371261,0.639,0.39,1.46578543220161e-130
"SERINC1",2.9606211738453e-134,-0.85580903518905,0.326,0.678,7.43263945693863e-130
"VSTM2A",3.65230983470261e-134,-0.804680486569684,0.26,0.623,9.16912384002091e-130
"TAGLN3",4.80383214356206e-134,-0.783579582084235,0.263,0.625,1.20600205964126e-129
"INPP5F",2.41596964668136e-133,-0.822901214875561,0.335,0.689,6.06529179799355e-129
"AC124312.1",6.28224607137976e-133,-0.673078784024844,0.747,0.907,1.57715787621989e-128
"SEZ6L2",1.56116161719728e-132,-0.840400944755857,0.206,0.557,3.91929623997377e-128
"PGAM1",2.14820341687238e-132,-0.870115387012308,0.142,0.469,5.39306467805811e-128
"BLCAP",9.62113293411225e-131,-0.823973055213434,0.245,0.598,2.41538542310888e-126
"ARF1",8.04028044407769e-130,-0.766273215734442,0.202,0.553,2.0185124054857e-125
"SNAP25",3.64666998993843e-129,-0.746087387971195,0.81,0.934,9.15496500974044e-125
"ATXN7L3",8.19950719013603e-126,-0.742441464392748,0.115,0.425,2.05848628008365e-121
"CPLX1",1.61028477186871e-125,-1.03554481278471,0.139,0.449,4.04261991977638e-121
"NCDN",7.32268878154939e-125,-0.971995179731829,0.452,0.756,1.83836101860797e-120
"DLG2",5.47006706222986e-124,0.483625815129471,0.972,0.922,1.37326033597281e-119
"CKB",1.00374934735448e-123,-0.844589229225107,0.469,0.778,2.51991273653343e-119
"TSPYL4",9.37067760155643e-123,-0.759289432147343,0.264,0.62,2.35250861187074e-118
"NAV3",9.45796000835092e-123,0.70282079434049,0.917,0.855,2.3744208600965e-118
"YWHAG",2.80031472690107e-122,-0.865635546784997,0.419,0.75,7.03019012188513e-118
"MT-CYB",9.42083868926527e-122,0.856337081556364,0.933,0.888,2.36510155294005e-117
"UBC",4.65800132869831e-120,-0.693828754933057,0.206,0.55,1.16939123356971e-115
"CLU",6.49104571420463e-119,-0.985310740331805,0.496,0.78,1.62957702655107e-114
"SPARCL1",1.1625933519133e-118,-1.18966035708193,0.49,0.744,2.91869060997834e-114
"SLC9A6",1.28938121062794e-118,-0.767940023684237,0.242,0.578,3.23699152928143e-114
"SPOCK2",5.11463170791199e-118,-0.768036177480882,0.186,0.509,1.28402829027131e-113
"PRRT1",5.15833195207227e-117,-0.678601956062447,0.159,0.475,1.29499923656774e-112
"INA",1.07394779498603e-116,-0.742680865624665,0.144,0.455,2.69614593931243e-112
"ATXN7L3B",4.14998886024449e-116,-0.641985828483203,0.117,0.415,1.04185470336438e-111
"ATP2B2",1.87254398434864e-115,-0.739813996505497,0.532,0.79,4.70102167270726e-111
"SKP1",7.60136458828671e-115,-0.691336139630895,0.187,0.512,1.90832257988938e-110
"USP11",1.4073974930758e-114,-0.647233057066555,0.257,0.601,3.5332714063668e-110
"SV2A",7.03115955943108e-114,-0.744009149258062,0.315,0.653,1.76517260739517e-109
"PNMA3",1.04422957867688e-113,-0.613615583230704,0.25,0.579,2.62153835726831e-109
"WDR82",1.96092664237202e-113,-0.705584822344001,0.242,0.583,4.92290633567495e-109
"RAB11B",2.40706396926894e-112,-0.702087259583719,0.18,0.496,6.04293409484966e-108
"PRKAR1B",1.87619225403137e-111,-0.865854064324712,0.441,0.742,4.71018065374576e-107
"BEX3",1.20068615452821e-110,-0.697706792887767,0.162,0.472,3.01432259094308e-106
"NAP1L3",1.70530435344811e-110,-0.706322088754809,0.222,0.542,4.28116657933147e-106
"PDE4D",2.16715087438663e-109,0.623239306959674,0.925,0.862,5.44063227014762e-105
"EIF4A2",2.70288799405504e-109,-0.715464415202065,0.313,0.642,6.78560030907517e-105
"RGS4",2.88508038911819e-109,-0.956812266033932,0.14,0.425,7.24299431688122e-105
"ATP6V1E1",6.07767994449029e-109,-0.663393986135587,0.141,0.438,1.52580155006429e-104
"TMX4",1.38545763700592e-108,-0.643399537953306,0.171,0.487,3.47819139770335e-104
"DPP10",3.83302606596049e-108,0.667986836964969,0.885,0.744,9.62281193859381e-104
"PIP4K2B",5.50249676578272e-108,-0.680986161440523,0.266,0.597,1.38140181304975e-103
"CSNK1E",5.7599352696778e-108,-0.601161595051546,0.254,0.585,1.44603174945261e-103
"MORF4L1",1.99186893060601e-107,-0.671745327663852,0.316,0.662,5.00058695028638e-103
"ADGRB3",2.46363284482602e-107,0.438042475437541,0.973,0.917,6.18495025693572e-103
"NFE2L1",7.44215687779829e-107,-0.660989163555077,0.131,0.423,1.86835348417126e-102
"NRXN1",2.79059623258734e-106,0.480210523155121,0.968,0.934,7.00579184191051e-102
"KLC1",4.41735267358363e-106,-0.659468703780319,0.416,0.744,1.10897638870317e-101
"BEX1",2.68708597825578e-105,-0.66484022131231,0.143,0.44,6.74592934841114e-101
"RTL8C",8.86598803287886e-105,-0.69377770117106,0.149,0.442,2.22580629565424e-100
"THY1",2.1010607162509e-104,-0.886110247015925,0.368,0.677,5.27471292814789e-100
"MTRNR2L8",2.60564701355178e-104,-0.860940605287943,0.147,0.438,6.54147682752174e-100
"DGCR2",2.82729874594563e-104,-0.644053118923223,0.275,0.602,7.09793350169649e-100
"SULT4A1",1.96450515247695e-103,-0.709087149150947,0.239,0.556,4.93189018529338e-99
"TMSB4X",2.16112120012451e-103,-0.659528486636391,0.335,0.669,5.42549477291257e-99
"CDK5R1",3.65042216258299e-103,-0.691307376395905,0.227,0.543,9.16438483916459e-99
"NDRG4",1.31028427328978e-102,-0.783171302113226,0.388,0.696,3.28946866809398e-98
"CEND1",2.00616523075729e-102,-0.765282740426827,0.277,0.601,5.03647781181617e-98
"DYNLL2",2.09629589816557e-102,-0.711434288568529,0.198,0.507,5.26275085234467e-98
"TOMM20",3.68876589825333e-102,-0.732062749598306,0.218,0.527,9.26064678756499e-98
"NCAM2",4.6102151284058e-102,0.831096129546779,0.86,0.767,1.15739450798628e-97
"DNM1",3.41011995547106e-101,-0.689437110098289,0.645,0.862,8.5611061482101e-97
"CREG2",4.02385083465419e-101,-0.828545014886829,0.258,0.562,1.01018775203993e-96
"CSMD1",4.37228327949737e-101,0.539955720401989,0.966,0.896,1.09766171731781e-96
"KIF1A",8.73539881005517e-101,-0.698254038834921,0.432,0.741,2.19302187126435e-96
"NPTN",1.07548056798e-100,-0.7047416668072,0.5,0.775,2.69999396591378e-96
"PSAP",2.71523359695682e-100,-0.742310999781155,0.411,0.715,6.81659394516009e-96
"PTPRK",3.04745709801335e-100,1.04886956495695,0.716,0.52,7.65064104456251e-96
"JUND",2.16014900833212e-99,-0.668464996470469,0.457,0.774,5.42305408541779e-95
"KIF5A",3.40184888209283e-99,-0.758178110601955,0.295,0.604,8.54034161849404e-95
"SERINC3",5.71256225403213e-99,-0.736586133551792,0.316,0.632,1.43413875387477e-94
"NRSN2",1.27866227056683e-98,-0.577658714409439,0.1,0.365,3.21008163025804e-94
"PJA2",1.9926735236058e-98,-0.69463963359305,0.416,0.717,5.00260688101236e-94
"DACH1",9.00611241199448e-98,1.03670784280504,0.306,0.093,2.26098452103121e-93
"ATP6AP1",9.88558321441005e-98,-0.621980142910087,0.097,0.357,2.48177566597764e-93
"CRMP1",1.79734735259827e-97,-0.557562846422206,0.175,0.471,4.51224052869795e-93
"TSPYL1",6.27553826399597e-97,-0.685510753086824,0.407,0.726,1.57547388117619e-92
"NAP1L2",5.03584381679799e-96,-0.634404673391195,0.162,0.446,1.26424859020714e-91
"NRG3",7.01013002989087e-96,0.424288639300839,0.974,0.917,1.7598931440041e-91
"GRIN1",8.73765352383981e-96,-0.523026411752204,0.845,0.953,2.19358791715999e-91
"HPCA",1.04480840332345e-95,-0.673998011739036,0.121,0.386,2.62299149654353e-91
"B4GALT6",1.23249787214206e-95,-0.575584875775104,0.196,0.485,3.09418590801265e-91
"ZMYM3",5.15546034974867e-95,-0.534864646833518,0.14,0.418,1.2942783208044e-90
"DHFR",6.21388177958126e-95,-0.841041617950953,0.48,0.78,1.55999502076388e-90
"TMEM35A",2.00912689584811e-94,-0.54961668317246,0.098,0.352,5.04391307202668e-90
"ATP1A1",2.65799914189589e-94,-0.755808111999789,0.333,0.637,6.67290684572962e-90
"SLITRK4",4.99459596273603e-94,-0.628516656557604,0.288,0.597,1.25389331644488e-89
"TUBB",5.0125473100367e-94,-0.661294046348498,0.192,0.483,1.25840000218471e-89
"NLRP1",8.87241525939173e-94,-0.594840913016336,0.115,0.375,2.22741985087029e-89
"CAMK2A",1.40036415619917e-93,-1.01303670256925,0.572,0.763,3.51561421413802e-89
"APLP2",3.31518262420624e-93,-0.651876585723626,0.286,0.584,8.32276597806975e-89
"ZFAND5",3.37868781726531e-93,-0.597086373539643,0.227,0.532,8.48219576524457e-89
"LRRC4B",3.89088901700229e-93,-0.552020902252093,0.23,0.538,9.76807687718426e-89
"CTBP1",4.61499551945693e-93,-0.541802990677024,0.22,0.521,1.15859462515966e-88
"CBX5",1.48256924123277e-92,-0.594993952964221,0.187,0.477,3.72199008011487e-88
"PGRMC1",5.40320552811764e-92,-0.631115831634135,0.163,0.44,1.35647474783393e-87
"APLP1",5.57705984907835e-92,-0.580700370127184,0.265,0.57,1.40012087511112e-87
"PFDN2",1.19463346432265e-91,-0.57696206111686,0.102,0.352,2.99912731218201e-87
"RNF208",1.83786152174209e-91,-0.617745048790472,0.222,0.521,4.61395135033351e-87
"POU6F2",3.45736379648582e-91,1.06319803085498,0.486,0.252,8.67971181107764e-87
"HSP90AB1",4.8684195642939e-91,-0.644050593481462,0.597,0.838,1.22221673161598e-86
"KHDRBS2",4.97695493674788e-91,0.710904747217299,0.849,0.769,1.24946453687056e-86
"MIR137HG",8.29938027817577e-91,0.883522119873359,0.657,0.516,2.08355941883603e-86
"UBQLN2",2.10968111854664e-90,-0.519872811687532,0.127,0.39,5.29635444811133e-86
"RYR2",4.73164329858828e-90,0.687060258027412,0.86,0.812,1.18787905011059e-85
"EXOSC6",5.60880898684022e-90,-0.537915813571425,0.123,0.385,1.40809149614624e-85
"ARPP19",4.72710516407608e-89,-0.826235470398419,0.46,0.727,1.1867397514413e-84
"TMEM30A",8.49148360738395e-89,-0.583022358196078,0.226,0.517,2.13178695963374e-84
"SRP14",1.566101346084e-88,-0.547711318114876,0.102,0.347,3.93169742934387e-84
"DSCAM",2.51504456164569e-88,0.619035054115084,0.856,0.743,6.31401937201152e-84
"PAM",2.62757915102608e-88,-0.636168809721304,0.451,0.731,6.59653745865096e-84
"GPR137C",4.406032355379e-88,-0.571228618551953,0.222,0.518,1.1061344228179e-83
"SARAF",5.63788431720266e-88,-0.65056371280493,0.257,0.552,1.41539085783373e-83
"STMN4",7.00369180524616e-88,-0.564673840807154,0.179,0.459,1.75827682770705e-83
"TOLLIP",1.22063776201454e-87,-0.609439542921187,0.21,0.493,3.06441110153751e-83
"CTNNA2",4.72930821270161e-87,0.94329139052161,0.896,0.845,1.18729282679874e-82
"NUDT3",7.52752219133487e-87,-0.60681570881014,0.278,0.577,1.88978444613462e-82
"BEX4",8.07030529753352e-85,-0.56978374134482,0.134,0.388,2.02605014494579e-80
"MAP1A",1.75886745241512e-84,-0.603343981170491,0.264,0.565,4.41563673928815e-80
"PIANP",2.48154077150919e-84,-0.564493837459808,0.159,0.421,6.22990810687383e-80
"COX4I1",4.0852515714615e-84,-0.506025372676265,0.124,0.379,1.02560240701541e-79
"GABRA1",4.68763490260824e-84,-0.660397318353872,0.393,0.681,1.1768307422998e-79
"GAD1",2.36273569049805e-83,-0.930279337648664,0.082,0.299,5.93164795099536e-79
"ARHGDIG",2.53744209364055e-83,-0.519970600305608,0.141,0.398,6.37024837608459e-79
"NSF",4.35450011763679e-83,-0.631457337633289,0.511,0.768,1.09319725453271e-78
"RABAC1",8.45272865807154e-83,-0.494555272935969,0.119,0.368,2.12205752960886e-78
"ADGRL3",1.41227192039841e-82,0.53438552689561,0.916,0.883,3.54550865616021e-78
"TUBB4A",2.79779675766511e-82,-0.594275851679119,0.21,0.491,7.02386876011826e-78
"REEP5",3.58036966460842e-81,-0.52971757146721,0.191,0.463,8.98851804299943e-77
"TCEAL2",5.15818476627615e-81,-0.419321783245501,0.076,0.298,1.29496228557363e-76
"NDUFS5",5.22366436358169e-81,-0.536204985454714,0.056,0.261,1.31140093847718e-76
"C4orf48",6.90133135975323e-81,-0.503239089112164,0.064,0.275,1.73257923786605e-76
"MMP16",7.22964749439835e-81,0.811865287111272,0.742,0.666,1.81500300346871e-76
"HPCAL1",7.76702487594105e-81,-0.701980161803692,0.16,0.411,1.949911595105e-76
"PURA",1.35579817427472e-80,-0.543645728238469,0.313,0.612,3.40373131651668e-76
"PNKD",4.60093228929336e-80,-0.515340633641188,0.14,0.39,1.1550640512271e-75
"NFIX",5.0032045060669e-80,-0.650739796945526,0.385,0.655,1.2560544912481e-75
"FAM217B",7.76367647951561e-80,-0.548334735124864,0.193,0.462,1.94907098018239e-75
"MARCH1",8.95755772261874e-80,0.846678010441534,0.718,0.56,2.24879486626343e-75
"COL6A1",1.52242043866795e-79,-0.54086004353051,0.085,0.303,3.8220365112759e-75
"C16orf72",2.00545226532546e-79,-0.478062137069655,0.202,0.475,5.03468791209956e-75
"ARL8B",2.09638004348069e-79,-0.506877348093127,0.224,0.503,5.26296209915827e-75
"RBFOX1",2.45947854747309e-79,0.40717832190346,0.969,0.932,6.1745208934312e-75
"GAD2",2.4628701459127e-79,-0.960583940083334,0.065,0.268,6.18303550131385e-75
"TTC8",1.30339009083615e-78,-0.456793416365912,0.161,0.411,3.27216082304415e-74
"ZNF248",1.94642293936248e-78,-0.465334324441196,0.35,0.641,4.88649478926952e-74
"EFNA5",2.17903644255428e-78,0.785417845077262,0.767,0.72,5.47047098903252e-74
"TNPO2",2.18751467471437e-78,-0.508612112037401,0.246,0.532,5.49175559087044e-74
"ARL8A",2.48195538565121e-78,-0.484576004770819,0.142,0.389,6.23094899567735e-74
"IL6ST",2.70807661404265e-78,-0.492858961699493,0.167,0.427,6.79862633955408e-74
"DMD",3.18072532082546e-78,0.661619411848799,0.875,0.812,7.98521091793231e-74
"PITHD1",6.8003046947404e-78,-0.497809973148283,0.106,0.336,1.70721649361458e-73
"FOXP2",1.31572772133845e-77,0.984804142064198,0.34,0.135,3.30313444442017e-73
"CYFIP2",3.29651983743131e-77,-0.535988268008686,0.394,0.683,8.27591305187131e-73
"IQCJ-SCHIP1",3.53394402913631e-77,0.660239343888268,0.847,0.683,8.87196648514671e-73
"PWAR6",6.25673863114358e-77,-0.596727718106671,0.44,0.705,1.5707542333486e-72
"MARCH6",1.42288228387603e-76,-0.506313155136663,0.459,0.729,3.57214597367077e-72
"DLG4",1.76569158080711e-76,-0.554319761974962,0.205,0.468,4.43276871361624e-72
"SNCB",3.9449115929805e-76,-0.618720598866265,0.437,0.724,9.90370055417754e-72
"SPTB",1.3632647631083e-75,-0.428685180109341,0.108,0.337,3.42247618778338e-71
"GPS2",3.34203192337083e-75,-0.490507431496142,0.091,0.307,8.39017114362246e-71
"SLC22A17",6.64090675024352e-75,-0.52046757242749,0.35,0.642,1.66719963964864e-70
"EIF5A",7.84784371950367e-75,-0.43070541773828,0.151,0.403,1.9702011657814e-70
"ATP5F1D",1.09962929774296e-74,-0.543552685037095,0.14,0.382,2.76061935198371e-70
"CLPTM1",1.54845879553017e-74,-0.430248888473484,0.141,0.38,3.88740580617849e-70
"NDFIP1",2.52959113952149e-74,-0.534018060765354,0.402,0.683,6.35053855576869e-70
"IDH3G",2.53819101117462e-74,-0.414378258700462,0.074,0.278,6.37212853355388e-70
"H1F0",2.56935992081705e-74,-0.445771620339105,0.057,0.25,6.4503780812112e-70
"PCBP1",5.30197659356495e-74,-0.504534252104907,0.172,0.423,1.33106122381448e-69
"DYNLRB1",8.6048174546406e-74,-0.443439743547791,0.175,0.43,2.16023942198752e-69
"BEX2",1.33292891789504e-73,-0.449268538525351,0.109,0.332,3.34631804837549e-69
"GNAL",1.46884755404464e-73,-0.525004484029472,0.222,0.481,3.68754178442908e-69
"TUBA4A",2.35532059903457e-73,-0.516096677145864,0.119,0.348,5.9130323638763e-69
"SOX5",2.57776349399375e-73,0.873559143188678,0.73,0.616,6.47147525167131e-69
"PAFAH1B2",3.22880958997527e-73,-0.499170631460931,0.184,0.438,8.1059264756329e-69
"TMEM9",6.40898362356682e-73,-0.456350083607643,0.131,0.364,1.60897533869645e-68
"MLF2",9.10107840617945e-73,-0.435167696061391,0.224,0.495,2.28482573387135e-68
"SLC6A1",9.74674506591927e-73,-0.961752934689104,0.096,0.302,2.44692034879903e-68
"MIR99AHG",1.13679851058342e-72,0.645540874109725,0.829,0.765,2.85393266081968e-68
"GPR155",1.60838854334128e-72,-0.456607788141751,0.25,0.527,4.03785943805829e-68
"RAB11A",1.01457277392213e-71,-0.409042124500526,0.171,0.42,2.54708494893151e-67
"RTN4",1.01772196959159e-71,-0.530417374870087,0.603,0.831,2.55499100465969e-67
"DLX6-AS1",1.04997131183922e-71,-0.782779462344803,0.068,0.263,2.63595297837237e-67
"SCG2",1.17179159855702e-71,-0.559424009621066,0.081,0.283,2.94178280817741e-67
"GUCY1B1",1.26460234030868e-71,-0.520596174616589,0.326,0.607,3.17478417534494e-67
"LMBRD2",2.2952183116374e-71,-0.503627090043924,0.286,0.57,5.7621455713657e-67
"TBCB",2.39967961552362e-71,-0.497362184938813,0.142,0.374,6.02439567477206e-67
"ARPP21",2.41746411454798e-71,0.667460322386555,0.767,0.625,6.06904365957269e-67
"GSK3A",2.6305227809379e-71,-0.435402812534754,0.114,0.341,6.60392744154459e-67
"G3BP2",3.06866341818581e-71,-0.551936022939014,0.265,0.539,7.70387951135548e-67
"PNMA8A",4.04956197810497e-71,-0.422493608343291,0.087,0.295,1.01664253460325e-66
"AGL",5.95611966383881e-71,-0.409795557971675,0.132,0.363,1.49528384160673e-66
"CHN1",6.42805505480398e-71,-0.934684907215801,0.751,0.82,1.61376322150854e-66
"UQCRH",6.70038126292674e-71,-0.450796653117158,0.115,0.337,1.68213071605776e-66
"LSAMP",9.72464935365104e-71,0.517676451723782,0.965,0.938,2.44137322023409e-66
"SLC9A7",9.85206127644967e-71,-0.441409974847398,0.163,0.409,2.47335998345269e-66
"AC016831.7",2.16973652355165e-70,0.522860743491919,0.848,0.815,5.44712354237641e-66
"VDAC3",2.37448037943662e-70,-0.394201989807179,0.106,0.325,5.96113299257563e-66
"ATP5F1B",2.90876786459207e-70,-0.454299092863182,0.193,0.446,7.30246172405838e-66
"PPP2CB",5.23321880982948e-70,-0.466696802770056,0.214,0.471,1.31379958220769e-65
"MTURN",8.73284480841519e-70,-0.570968543209919,0.34,0.616,2.19238068915263e-65
"AC096711.2",9.63270983628792e-70,-0.440760067426771,0.34,0.615,2.41829180440008e-65
"OTUB1",1.33742217701972e-69,-0.513805774158752,0.123,0.35,3.357598375408e-65
"RHBDD2",2.46239759908533e-69,-0.505427841628906,0.325,0.603,6.18184917250372e-65
"SCAF1",2.63743357741197e-69,-0.433846078125093,0.081,0.281,6.62127699609275e-65
"OAT",3.08234826261607e-69,-0.467347454425549,0.129,0.354,7.73823531329765e-65
"MCTP1",3.99534774447758e-69,0.768078130864124,0.754,0.708,1.0030320512511e-64
"PODXL2",4.44806920612862e-69,-0.473054461516095,0.24,0.507,1.11668777419859e-64
"MTRNR2L12",4.60358047374047e-69,-0.691421464020356,0.492,0.763,1.15572887793255e-64
"PRPF19",9.93543859455589e-69,-0.415388961508584,0.152,0.388,2.49429185916326e-64
"ARL4C",1.39856194675004e-68,-0.548844510106661,0.12,0.335,3.51108976731596e-64
"TUBB2A",1.63908978318675e-68,-0.436365443023261,0.107,0.322,4.11493490069034e-64
"CDKN2D",1.65092710742869e-68,-0.42326846610042,0.068,0.259,4.14465250319971e-64
"RPL3",1.96286973275984e-68,-0.419989013547323,0.065,0.254,4.92778446409358e-64
"DDHD2",2.75577082893194e-68,-0.436319344979267,0.142,0.372,6.91836266603363e-64
"RETREG2",4.08352951023304e-68,-0.46213874507169,0.124,0.346,1.025170083544e-63
"RIT2",4.38889147035313e-68,1.05827456523513,0.413,0.237,1.10183120363215e-63
"DPYD",5.54295742531972e-68,0.76726598982248,0.671,0.508,1.39155946162652e-63
"NRIP3",8.20750333708766e-68,-0.63572002207125,0.07,0.257,2.06049371277586e-63
"BTBD8",9.54170633973551e-68,-0.513287277865603,0.375,0.646,2.3954453765906e-63
"ATP6AP2",1.13298536199854e-67,-0.442284194960458,0.105,0.315,2.84435975129735e-63
"FP700111.1",1.15764780602587e-67,-0.446224900021149,0.378,0.647,2.90627481702795e-63
"SLC6A17",1.17318823312785e-67,-0.463714252057336,0.239,0.498,2.94528905926746e-63
"CFL1",1.17659491725787e-67,-0.47509114595561,0.244,0.514,2.95384153977588e-63
"C1orf115",1.42802661232279e-67,-0.537155915980062,0.142,0.363,3.58506081023637e-63
"CPLX2",1.84170344918045e-67,-0.620104480844095,0.332,0.607,4.62359650916752e-63
"KCNC1",1.89721541569836e-67,-0.458566646139071,0.222,0.482,4.76295930111074e-63
"LPCAT4",3.93275168178487e-67,-0.399941868900257,0.201,0.45,9.87317309712092e-63
"SMIM13",5.46250268848901e-67,-0.447524227030696,0.137,0.363,1.37136129994517e-62
"KCNIP4",8.32109180799383e-67,0.564830578692955,0.959,0.846,2.08901009839685e-62
"KIF3A",2.09409805630887e-66,-0.491063290523338,0.404,0.682,5.25723317036342e-62
"PHACTR1",2.35363603381687e-66,0.540743202510177,0.881,0.84,5.90880326289725e-62
"CLASP2",3.10531107349115e-66,-0.405163907939328,0.706,0.86,7.79588344999953e-62
"SUMO3",3.14625162830523e-66,-0.42957122546829,0.187,0.435,7.89866471286029e-62
"RPL28",3.32473281617729e-66,-0.42149836336518,0.227,0.485,8.34674173501308e-62
"NSG2",3.49540500676229e-66,-0.382188897153643,0.21,0.473,8.77521426947673e-62
"DDX24",3.70605936934088e-66,-0.421018310860542,0.206,0.46,9.30406204673028e-62
"ATP5MC2",4.51914203315131e-66,-0.349709071821124,0.095,0.301,1.13453060742264e-61
"PAK3",1.68917258136799e-65,-0.438398509253626,0.671,0.841,4.24066776552434e-61
"NDUFS2",2.10434482545726e-65,-0.322665941821648,0.091,0.292,5.28295768431046e-61
"ZMAT3",3.06808623665493e-65,-0.413484948566261,0.186,0.427,7.70243049712219e-61
"CTNND2",3.71687578531714e-65,0.460341077351939,0.893,0.866,9.33121665903868e-61
"CDIP1",6.75821865714074e-65,-0.501151039311507,0.287,0.556,1.69665079387518e-60
"VPS35",7.57594700024472e-65,-0.449247817023045,0.163,0.396,1.90194149441144e-60
"NAPB",9.92042569449919e-65,-0.580219921658322,0.351,0.618,2.49052287060402e-60
"TMEM160",1.38422278377235e-64,-0.38819932709343,0.111,0.323,3.47509129866048e-60
"BRSK1",1.50278756523509e-64,-0.416116865347536,0.155,0.385,3.7727481825227e-60
"RPL37A",1.61553732432552e-64,-0.330073905877389,0.16,0.392,4.05580645271921e-60
"MAGI2",2.451335316419e-64,0.401354020951979,0.952,0.905,6.1540773118699e-60
"CHGA",2.70811014243583e-64,-0.553472280361702,0.185,0.417,6.79871051258514e-60
"FLOT1",5.27056512199145e-64,-0.402169345110513,0.156,0.385,1.32317537387595e-59
"HK1",1.01404444740563e-63,-0.452532812472818,0.239,0.495,2.54575858521184e-59
"PPM1K",1.19948735202065e-63,-0.39943130200222,0.325,0.6,3.01131299724784e-59
"MRPS21",2.14279865010027e-63,-0.37958297513836,0.099,0.3,5.37949601107674e-59
"ATP5F1A",2.30477817741521e-63,-0.423417241458343,0.113,0.319,5.78614561440088e-59
"SGTB",3.16714368669153e-63,-0.434786385701906,0.124,0.334,7.95111422543908e-59
"UCHL1",3.50774825998809e-63,-0.566103383888363,0.527,0.764,8.80620200670009e-59
"HNRNPH2",4.4058360577145e-63,-0.359737533222512,0.107,0.31,1.10608514228922e-58
"TARBP1",5.99581475645083e-63,-0.43765020231613,0.391,0.651,1.50524929460698e-58
"SLC38A11",6.45353715202745e-63,-0.476800232098648,0.094,0.284,1.62016050201649e-58
"USP22",1.96557728979893e-62,-0.520978941849675,0.426,0.696,4.9345817860402e-58
"PPME1",2.13302529330784e-62,-0.387903943258715,0.222,0.473,5.35495999884934e-58
"ABAT",5.43969207108662e-62,-0.39421842287372,0.139,0.356,1.3656346944463e-57
"ATP1B2",2.03686393171151e-61,-0.517473833817171,0.079,0.26,5.11354690056174e-57
"SCN1B",2.87530451308086e-61,-0.556038581144198,0.189,0.423,7.21845198008949e-57
"CAPZA2",3.60709784036054e-61,-0.377697026878798,0.18,0.415,9.05561912822514e-57
"TSPYL2",5.47133157042982e-61,-0.426523145714462,0.456,0.722,1.37357779075641e-56
"AC024901.1",5.52776639733694e-61,-0.489697434158736,0.27,0.511,1.38774575405144e-56
"HYOU1",6.39074734080734e-61,-0.355511727329938,0.078,0.261,1.60439711990968e-56
"ANK1",6.58277119166113e-61,-0.561893221225458,0.083,0.266,1.65260470766653e-56
"AMPD2",8.21688436565776e-61,-0.404176836029981,0.13,0.341,2.06284881999838e-56
"SCN1A",8.96428254704534e-61,-0.499129604677149,0.586,0.775,2.25048313343573e-56
"CANX",1.17221200143261e-60,-0.515723058202969,0.237,0.481,2.94283822959656e-56
"ITM2B",1.27836815433747e-60,-0.43618150540724,0.35,0.618,3.20934325146421e-56
"TMEM106B",1.36566846176486e-60,-0.396748856806776,0.307,0.574,3.42851067326069e-56
"OPCML",1.54865049019581e-60,0.449553617298636,0.94,0.906,3.88788705563657e-56
"ICA1",2.5169619840796e-60,-0.415506338439643,0.341,0.6,6.31883306103184e-56
"LRRC8B",2.59097317984896e-60,-0.449437953472066,0.373,0.634,6.50463816801081e-56
"RAB3C",2.80110019385634e-60,-0.71107745193422,0.409,0.642,7.03216203667634e-56
"MAPRE3",3.12241478331594e-60,-0.410003574631658,0.307,0.578,7.83882231351467e-56
"CLSTN1",3.35758669470571e-60,-0.546966323343007,0.535,0.77,8.42922139705869e-56
"MT-ND4L",3.82569489740837e-60,-0.610632882016361,0.484,0.74,9.60440703994371e-56
"GHITM",3.90331027243592e-60,-0.441193095970392,0.135,0.345,9.79926043895038e-56
"SDC3",4.5012895918842e-60,-0.402302174630052,0.129,0.335,1.13004875204253e-55
"PPP3CB",6.09203586565175e-60,-0.471119166244121,0.35,0.612,1.52940560407187e-55
"SIN3B",7.14430147074514e-60,-0.38031674721048,0.242,0.496,1.79357688423057e-55
"TBC1D9",7.15935683073894e-60,-0.339635538438569,0.13,0.339,1.79735653235701e-55
"RAB6B",1.21946478758558e-59,-0.556821235697325,0.343,0.599,3.0614663492336e-55
"PFDN5",1.27142936374076e-59,-0.314933812928191,0.072,0.251,3.19192341767118e-55
"GOLT1B",1.55291245821774e-59,-0.272192474639739,0.087,0.272,3.89858672635563e-55
"YPEL3",2.09011220556057e-59,-0.431838156924205,0.309,0.569,5.24722669205982e-55
"OLFM2",2.24235228912846e-59,-0.389386997547357,0.08,0.262,5.629425421857e-55
"NUMA1",2.76439620683989e-59,-0.301632767175291,0.186,0.42,6.94001667727154e-55
"THSD7A",3.06621770571078e-59,-0.457889082809061,0.259,0.509,7.69773955018693e-55
"DTX3",3.38451412414373e-59,-0.336954405931243,0.188,0.419,8.49682270866283e-55
"GOT1",3.68420272657075e-59,-0.442782957835858,0.103,0.293,9.24919094505588e-55
"ITFG1",3.94878384861994e-59,-0.446507994158398,0.559,0.781,9.91342185196036e-55
"SERF2",5.0559506200468e-59,-0.3713815177246,0.125,0.333,1.26929640316275e-54
"TRIM37",7.34501631836229e-59,-0.452681787988813,0.305,0.563,1.84396634672485e-54
"MDH1",8.01858523915172e-59,-0.376343114418468,0.2,0.433,2.01306582428904e-54
"TUBB4B",8.5293086114279e-59,-0.425383594824322,0.127,0.33,2.14128292689897e-54
"VXN",9.25513012546127e-59,-0.432779223109533,0.139,0.35,2.32350041799705e-54
"FAM199X",1.72699634632715e-58,-0.401751967511737,0.134,0.339,4.33562432745431e-54
"ABCA10",2.06891225686526e-58,-0.360164924250594,0.231,0.476,5.19400422086024e-54
"ZBTB18",2.73934455477014e-58,-0.514606161973344,0.237,0.472,6.87712450475044e-54
"IDH3A",2.89600505220436e-58,-0.428223864837399,0.147,0.355,7.27042068355904e-54
"CDH12",3.19848844116513e-58,0.716048452211862,0.708,0.623,8.02980523154506e-54
"DGKE",6.2564518050141e-58,-0.378314819575981,0.21,0.445,1.57068222564879e-53
"TMEM127",7.74000064993956e-58,-0.37037246244117,0.123,0.324,1.94312716316733e-53
"CCDC85B",7.7687592732678e-58,-0.466544435179161,0.132,0.337,1.95034701555388e-53
"AGAP3",7.8097385926088e-58,-0.450556306535041,0.373,0.634,1.96063487367444e-53
"ZFPM2",8.74009321287154e-58,0.796750080266802,0.655,0.557,2.1942004010914e-53
"TUBA1B",8.753932965622e-58,-0.726541271680842,0.484,0.726,2.1976748710194e-53
"WASL",9.89107257797401e-58,-0.374795971008043,0.238,0.482,2.48315377070038e-53
"BRD2",1.01215429877851e-57,-0.346506394378522,0.105,0.301,2.54101336708345e-53
"ABHD12",1.04759899397992e-57,-0.348874253722418,0.19,0.423,2.62999727438659e-53
"CDC42",1.23151816891575e-57,-0.386042822463906,0.187,0.414,3.09172636306299e-53
"ERO1A",2.41102973821921e-57,-0.345912405723283,0.171,0.392,6.05289015779933e-53
"KHDRBS3",2.7666478453841e-57,0.614210300991424,0.759,0.687,6.94566941583678e-53
"CAPNS1",3.12315992955279e-57,-0.432186133435222,0.118,0.314,7.84069300314227e-53
"FEM1B",4.55497976534377e-57,-0.408556465779383,0.198,0.428,1.14352767008955e-52
"UQCRB",5.04754889021907e-57,-0.296621807468621,0.106,0.297,1.2671871488895e-52
"AES",5.94316899070609e-57,-0.423488447798692,0.284,0.538,1.49203257511676e-52
"VSTM2L",8.01919615854543e-57,-0.369308226800604,0.119,0.318,2.01321919560283e-52
"EPB41L5",8.21213606754975e-57,-0.356560465680522,0.191,0.42,2.06165675975836e-52
"STMN3",1.13522934459457e-56,-0.461152026451384,0.259,0.509,2.84999326960468e-52
"DNM1L",1.39075274017416e-56,-0.340769513721871,0.284,0.537,3.49148475420724e-52
"FAM3C",1.61343708341395e-56,-0.372808919292256,0.188,0.41,4.05053379791073e-52
"CKMT1B",1.743856211158e-56,-0.305010870763677,0.158,0.37,4.37795101811216e-52
"DPP8",1.85200470257122e-56,-0.349451190699236,0.201,0.43,4.64945780580504e-52
"AEBP2",2.44013319749298e-56,-0.446899591746351,0.57,0.763,6.12595439230614e-52
"EID1",2.72985307045835e-56,-0.419728178559961,0.165,0.378,6.85329613338568e-52
"PTPA",2.87452864111381e-56,-0.46159524980832,0.236,0.476,7.21650415351621e-52
"PIP5K1B",2.96608032053213e-56,-0.40800396324293,0.2,0.427,7.44634464469591e-52
"TXNDC16",3.03120422920716e-56,-0.381044969965394,0.215,0.444,7.60983821742458e-52
"RNF11",3.72761265879049e-56,-0.500944033719804,0.278,0.52,9.35817157989353e-52
"VSNL1",4.05408800519358e-56,-0.637013820969888,0.525,0.725,1.01777879370385e-51
"MTMR6",4.58122259161709e-56,-0.381648629596395,0.149,0.358,1.15011593162547e-51
"TMEM33",5.36131127379555e-56,-0.336020608052589,0.113,0.306,1.34595719528637e-51
"GRM5",6.12881614492754e-56,0.45884498581266,0.882,0.825,1.53863929318406e-51
"SYNPO",7.39387340956119e-56,-0.59267043653234,0.238,0.456,1.85623191947034e-51
"FBXO44",8.87306900505915e-56,-0.379417167928297,0.341,0.603,2.2275839737201e-51
"HNRNPA3",1.3218929552447e-55,-0.403357331998126,0.346,0.61,3.31861226414183e-51
"TCAF1",1.34640895953999e-55,-0.386382933811177,0.27,0.518,3.38015969292514e-51
"ALDH5A1",1.34813363013935e-55,-0.321237375596562,0.082,0.256,3.38448947846483e-51
"MT-ATP8",1.68910733130286e-55,-0.522493761533027,0.157,0.365,4.24050395523583e-51
"RLIM",1.8770776121591e-55,-0.385972485998369,0.108,0.296,4.71240334532542e-51
"EIF1",2.1143513094311e-55,-0.377737936016688,0.301,0.565,5.30807896232677e-51
"ENTPD3",2.64443894921166e-55,-0.370935856326601,0.086,0.26,6.63886398199587e-51
"MIR646HG",2.925846392679e-55,0.782333540118616,0.377,0.215,7.34533736882063e-51
"ACTG1",4.89133054618994e-55,-0.403533158536706,0.258,0.502,1.22796853362098e-50
"CACNB1",6.78975516853537e-55,-0.365140661751206,0.111,0.298,1.7045680350608e-50
"ADCY1",7.26388472240903e-55,-0.554044866850564,0.407,0.641,1.82359825956079e-50
"ZNF770",7.46049394158135e-55,-0.356428359632144,0.114,0.303,1.872957004034e-50
"DCX",8.81908206778108e-55,-0.309161417660567,0.154,0.364,2.21403055311644e-50
"CNTNAP1",9.13866111427647e-55,-0.386565220295923,0.093,0.269,2.29426087273911e-50
"PRR36",9.75477887509714e-55,-0.303820508307395,0.118,0.314,2.44893723659314e-50
"RASGRF1",9.94381556761324e-55,-0.291685092135892,0.153,0.37,2.4963948982493e-50
"HS6ST1",1.0824073121424e-54,-0.3256014607727,0.124,0.319,2.71738355713351e-50
"ATPAF1",1.46067023298671e-54,-0.339519744704247,0.155,0.368,3.66701261991315e-50
"MAPK6",1.49203601462706e-54,-0.356289697433824,0.16,0.372,3.74575641472123e-50
"STAT4",2.28486560167592e-54,-0.410655627264044,0.236,0.46,5.73615509300739e-50
"CAMSAP2",2.34415917003857e-54,-0.415376016107902,0.532,0.771,5.88501159638183e-50
"CALM3",2.35246309519803e-54,-0.483585821504749,0.434,0.693,5.90585860049466e-50
"AASDHPPT",3.88247377558244e-54,-0.361836452105972,0.152,0.358,9.74695041359972e-50
"YWHAB",3.91593516262857e-54,-0.484717476573584,0.365,0.611,9.83095522577903e-50
"RAB5B",4.72340183093866e-54,-0.320208685871031,0.139,0.343,1.18581002965715e-49
"PDE1A",5.05383502807271e-54,0.665583635413647,0.683,0.526,1.26876528379765e-49
"CCK",7.54599483190351e-54,-0.589511601724641,0.262,0.483,1.89442200254938e-49
"ZDHHC11B",8.33073733275128e-54,-0.306067213740143,0.187,0.407,2.09143160738721e-49
"RPL4",1.45318048407429e-53,-0.323504676207122,0.118,0.308,3.6482096052685e-49
"RNPS1",1.52081658405336e-53,-0.339925044643109,0.234,0.47,3.81801003426597e-49
"MT3",1.5738014744179e-53,-0.444621099008463,0.237,0.476,3.95102860152614e-49
"KCNQ5",2.07967938918495e-53,0.443731445897905,0.909,0.837,5.2210351065488e-49
"PALLD",2.17620997906796e-53,-0.280616962300094,0.176,0.398,5.4633751524501e-49
"IGSF8",2.29951111309711e-53,-0.277745609814093,0.216,0.445,5.77292264943029e-49
"KCNJ4",3.68628502109481e-53,-0.337743955288549,0.083,0.252,9.25441854545852e-49
"CNTN1",4.18489587676321e-53,0.376002435411377,0.892,0.889,1.0506181098614e-48
"CBX1",5.21045383145745e-53,-0.308027281512101,0.097,0.276,1.30808443438739e-48
"FXYD7",5.49319732336397e-53,-0.474919658464353,0.245,0.464,1.37906718803052e-48
"GPR22",7.42676249619376e-53,-0.322748746144772,0.115,0.3,1.86448872466944e-48
"LONRF2",9.52103138162755e-53,-0.416116682126914,0.41,0.667,2.3902549283576e-48
"DDX17",1.33363071838068e-52,-0.367176177080332,0.661,0.834,3.34807991849471e-48
"NUCB1",1.87024353706343e-52,-0.298012024988713,0.096,0.274,4.69524639979774e-48
"NRXN2",2.23941058912409e-52,-0.417732893472995,0.404,0.664,5.62204028399603e-48
"H1FX",2.36939248591213e-52,-0.347690477004941,0.236,0.47,5.9483598358824e-48
"CAMTA1",2.83676243283755e-52,-0.415108368759993,0.655,0.83,7.12169208763867e-48
"ARNT2",2.86151760364491e-52,-0.359452537420338,0.504,0.745,7.18383994395054e-48
"GABARAPL1",4.0114741291053e-52,-0.370478186752757,0.138,0.336,1.00708058011189e-47
"ZYG11B",4.8546389328919e-52,-0.399796216592401,0.335,0.59,1.21875710410251e-47
"NTRK2",5.91645197777163e-52,-0.426247628703456,0.783,0.893,1.48532526901957e-47
"SLC25A6",6.17509076749135e-52,-0.344790444918857,0.107,0.289,1.5502565371787e-47
"NARS",6.8932387508058e-52,-0.360751201665411,0.111,0.294,1.7305475883898e-47
"NRG1",1.12760188545766e-51,0.765130422547365,0.567,0.395,2.83084453344145e-47
"SLC25A36",1.74392688835699e-51,-0.393311615054456,0.268,0.503,4.37812845322021e-47
"RNMT",2.16311954558715e-51,-0.386232703900525,0.266,0.504,5.43051161919653e-47
"AFAP1",2.31029900401644e-51,-0.34792954292498,0.1,0.273,5.80000564958327e-47
"ATP2A2",2.68459840587357e-51,-0.368129073672352,0.368,0.627,6.73968429794561e-47
"STMN1",2.98702944138115e-51,-0.442363358902626,0.248,0.476,7.49893741258738e-47
"CTSB",3.14274803192551e-51,-0.339292987493546,0.154,0.355,7.88986893414899e-47
"NUDT21",3.23623744666478e-51,-0.361696091791265,0.157,0.358,8.12457410985193e-47
"SYN1",3.4987422609095e-51,-0.464459798498367,0.469,0.723,8.7835924460133e-47
"WDR45B",4.04124492302834e-51,-0.32148337557359,0.132,0.324,1.01455453792626e-46
"GRM3",4.83563711549562e-51,0.887986371062571,0.418,0.258,1.21398669784517e-46
"SYNGR3",5.88586546468526e-51,-0.321131497004085,0.136,0.33,1.47764652490924e-46
"ABCA5",7.03849139920115e-51,-0.367080304677045,0.424,0.685,1.76701326576945e-46
"CDS1",1.17683462848991e-50,-0.342982153369469,0.098,0.271,2.95444333482392e-46
"PRKAR1A",1.23925408318733e-50,-0.376687836065718,0.28,0.518,3.1111473758418e-46
"PKD1",1.35751533259089e-50,0.712166024966761,0.642,0.597,3.40804224246944e-46
"SLC38A1",1.40207347264746e-50,-0.381709722754648,0.318,0.563,3.51990545308146e-46
"SCOC",1.4367136712982e-50,-0.372876400024669,0.166,0.368,3.60686967179414e-46
"ARL2BP",1.51051725506085e-50,-0.370558974666309,0.104,0.278,3.79215356883027e-46
"PLCB1",1.6016128636078e-50,-0.314902066139092,0.893,0.93,4.02084909408738e-46
"DNER",1.70870464936651e-50,-0.697298312544774,0.233,0.435,4.28970302223461e-46
"SNU13",1.81784779919001e-50,-0.316741361956035,0.091,0.261,4.56370689986652e-46
"PHYHIPL",1.81904580088079e-50,-0.40022601230725,0.289,0.519,4.56671448311121e-46
"MAP1LC3B",2.42998013109676e-50,-0.333815710293734,0.141,0.331,6.10046511911841e-46
"CNOT7",2.56392242891424e-50,-0.309786253910475,0.141,0.333,6.43672725778921e-46
"GABRD",2.78220804541923e-50,-0.374492001422513,0.151,0.349,6.98473329802497e-46
"SIRPA",3.21003914711933e-50,-0.461540849004653,0.374,0.607,8.05880327884308e-46
"DKK3",3.39901083502894e-50,-0.500183614426121,0.424,0.674,8.53321670134015e-46
"MPPED1",3.47623595200853e-50,-0.410243630231642,0.198,0.41,8.72709035751742e-46
"LINC02398",3.63051675788374e-50,-0.313072268730225,0.127,0.314,9.11441232066713e-46
"MYEF2",6.16218187176397e-50,-0.334425100822007,0.325,0.572,1.54701575890634e-45
"AFF3",6.34936157796104e-50,0.491894325567955,0.803,0.788,1.59400722414712e-45
"RCN2",6.67575078143593e-50,-0.376300289117674,0.174,0.378,1.67594723367949e-45
"ATXN2L",6.95851438173966e-50,-0.274931882262584,0.127,0.315,1.74693503553574e-45
"CAND1",7.82375345924093e-50,-0.293857106019077,0.198,0.415,1.96415330594244e-45
"UQCRC1",8.12230732484951e-50,-0.328275697121587,0.105,0.281,2.03910525390347e-45
"CBX7",8.33397656342781e-50,-0.339112808964364,0.111,0.29,2.09224481624855e-45
"RPL8",8.83364091674634e-50,-0.319985590274001,0.111,0.29,2.21768555214917e-45
"MICU3",9.50154597288249e-50,-0.390483030238983,0.424,0.67,2.38536311649215e-45
"MAPK9",9.55776185216819e-50,-0.351857442803254,0.205,0.419,2.39947611298682e-45
"ZNF25",9.70787577188176e-50,-0.362987940942958,0.176,0.382,2.43716221253092e-45
"PCBP2",1.01653182406197e-49,-0.298779783229883,0.235,0.46,2.55200314430757e-45
"SCAMP1",1.04210798630844e-49,-0.337975324448009,0.254,0.484,2.61621209962733e-45
"ITGB3BP",1.18886412061284e-49,-0.261406376620739,0.12,0.304,2.98464337479853e-45
"FBLL1",1.55066143968645e-49,-0.353979180526902,0.1,0.27,3.89293554433283e-45
"CCDC91",2.30160094413011e-49,-0.404776734817502,0.433,0.671,5.77816917023863e-45
"SCN2B",2.60691550319418e-49,-0.360983884556249,0.108,0.283,6.54466137076898e-45
"CD200",4.21643182689323e-49,-0.259474457893675,0.17,0.375,1.05853521014155e-44
"ZMAT4",4.22934021583856e-49,-0.428010081847639,0.429,0.652,1.06177586118627e-44
"ATMIN",4.81931331588261e-49,-0.341502040836478,0.087,0.251,1.20988860795233e-44
"RASGEF1B",5.48386332396827e-49,0.705089692939846,0.579,0.506,1.37672388748224e-44
"CEP170B",5.80110782441465e-49,-0.299389859235497,0.119,0.299,1.4563681193193e-44
"GOLGA8B",6.3526891101831e-49,-0.257337802189378,0.223,0.445,1.59484260111147e-44
"OCIAD1",6.64854402486687e-49,-0.334801997431288,0.333,0.585,1.66911697744283e-44
"ATP6V0D1",6.86509164197929e-49,-0.322232016585902,0.121,0.307,1.7234812567189e-44
"BAIAP3",7.84551095856224e-49,-0.392903181724452,0.135,0.317,1.96961552614705e-44
"BEND6",9.72222648654347e-49,-0.317953509096281,0.183,0.389,2.44076495944674e-44
"THRA",1.15761206913421e-48,-0.338062845304517,0.222,0.44,2.90618509956144e-44
"UNC5C",1.16277259632848e-48,0.863408748579356,0.711,0.682,2.91914060308265e-44
"VPS28",1.23258567845056e-48,-0.314194096131181,0.159,0.363,3.09440634575014e-44
"CAMK2N1",1.34752385798564e-48,-0.484596562799321,0.504,0.736,3.38295864547294e-44
"ACTR2",1.41197654656359e-48,-0.399144097430248,0.292,0.523,3.5447671201479e-44
"RNF34",1.56675275905377e-48,-0.321866884799418,0.109,0.285,3.93333280160448e-44
"ADAMTS9-AS2",1.78674550886395e-48,-0.670708368273095,0.186,0.373,4.48562460000295e-44
"SSU72",1.82717111623304e-48,-0.289222008837995,0.122,0.305,4.58711308730305e-44
"ANXA6",1.86401071960421e-48,-0.374677217289427,0.17,0.371,4.67959891156638e-44
"SEPT7",1.86482111368211e-48,-0.420441280721951,0.503,0.743,4.68163340589895e-44
"CAMLG",2.51557260717115e-48,-0.338340033999979,0.135,0.322,6.31534503030317e-44
"DDX6",2.60532545874998e-48,-0.349878378190453,0.262,0.496,6.54066956419183e-44
"STX1B",3.36925691539171e-48,-0.349055518823379,0.221,0.445,8.45851948609088e-44
"PDE8B",3.78282269082346e-48,-0.327683178103376,0.146,0.333,9.49677636531229e-44
"CSPG5",3.93274918678713e-48,-0.303672452056101,0.117,0.294,9.87316683342909e-44
"RPL15",4.57443235915462e-48,-0.284777968626712,0.179,0.382,1.14841124376577e-43
"CORO6",4.66069489490359e-48,-0.264251405345635,0.278,0.515,1.17006745336555e-43
"GRK3",4.77188922292805e-48,-0.437012373267209,0.512,0.729,1.19798278941609e-43
"GNB2",7.48705624518683e-48,-0.339515988324534,0.176,0.382,1.87962547035415e-43
"SPATA7",1.006862737798e-47,-0.255124712775802,0.186,0.393,2.52772890324188e-43
"RAC1",1.0211586999578e-47,-0.349659470456178,0.208,0.426,2.56361891624406e-43
"CDC37",1.25050495223617e-47,-0.256625756251071,0.134,0.32,3.13939268258889e-43
"LINC01184",1.34194878060335e-47,-0.310570204922182,0.301,0.54,3.3689624137047e-43
"TRIM33",1.56160696783403e-47,-0.30932380751382,0.324,0.573,3.92041429274733e-43
"PTMS",1.60482652579353e-47,-0.384188546917844,0.253,0.477,4.02891699300467e-43
"VAMP4",1.6267037121049e-47,-0.322850950591031,0.096,0.261,4.08383966923935e-43
"NNT",1.63038866066373e-47,-0.345730676859237,0.298,0.537,4.09309073259629e-43
"ARL6IP5",1.82846519377516e-47,-0.384969195840479,0.19,0.393,4.59036186897253e-43
"ACSL3",2.30369707696811e-47,-0.369249408036008,0.369,0.604,5.78343151172844e-43
"FLG-AS1",2.68061287430055e-47,-0.31997548846647,0.129,0.31,6.72967862093154e-43
"YWHAE",3.50929659432003e-47,-0.378589430003093,0.298,0.538,8.81008910004045e-43
"CAMK1G",4.53377442450459e-47,-0.377744694013743,0.109,0.278,1.13820406927188e-42
"FAM169A",5.88276115017931e-47,-0.351000804963096,0.353,0.599,1.47686718675252e-42
"TTC39B",5.89772761014841e-47,-0.273219855846883,0.193,0.405,1.48062451652776e-42
"STXBP6",6.0128314699707e-47,-0.444167617721019,0.227,0.436,1.50952134053614e-42
"PURG",6.03529136529006e-47,-0.272292626874589,0.239,0.467,1.51515989725607e-42
"HS3ST4",6.061340311773e-47,1.28448044001183,0.385,0.244,1.52169948527061e-42
"PLEKHB2",6.33172754955322e-47,-0.387901920927907,0.176,0.373,1.58958020131534e-42
"CLTC",8.16407885857907e-47,-0.374429164971467,0.351,0.595,2.04959199744628e-42
"CLCN3",8.1657581777886e-47,-0.315513526995641,0.296,0.53,2.05001359053383e-42
"AL078639.1",1.18644615386701e-46,-0.633393926578084,0.408,0.63,2.97857306928312e-42
"DLGAP2",1.37740041308482e-46,0.463600017947398,0.838,0.78,3.45796373704945e-42
"HNRNPK",1.39064635843314e-46,-0.311755776614292,0.284,0.519,3.49121768284641e-42
"WBP2",1.43655694125436e-46,-0.354930542330331,0.18,0.385,3.60647620101907e-42
"MAPK1",1.64580356519859e-46,-0.426854248401909,0.463,0.703,4.13178985043105e-42
"UBL3",1.76387469729193e-46,-0.358626501543819,0.314,0.555,4.4282074275514e-42
"TM2D3",2.01806441170916e-46,-0.294814253410341,0.121,0.296,5.06635070559584e-42
"UBE2E2",2.06152388946916e-46,0.497796953662966,0.782,0.756,5.17545572451232e-42
"PER3",2.27221112387287e-46,-0.284197918346205,0.179,0.38,5.70438602648284e-42
"CNBP",2.5841120225017e-46,-0.276938789421363,0.118,0.292,6.48741323249053e-42
"FAM162A",2.69870298438734e-46,-0.257976212649204,0.117,0.291,6.77509384230442e-42
"SPCS2",3.28615783849743e-46,-0.258922264789628,0.135,0.317,8.24989925354781e-42
"FASN",3.5279284518949e-46,-0.328132783028732,0.131,0.313,8.85686437848214e-42
"PGM2L1",4.07851661130143e-46,-0.357539199498152,0.269,0.496,1.02391159526722e-41
"CBX6",4.38968316631174e-46,-0.325532865545533,0.214,0.428,1.10202995890256e-41
"RASD2",4.57073953060292e-46,-0.311913231403201,0.102,0.268,1.14748415915786e-41
"EFR3B",4.73203414856585e-46,-0.346500105563667,0.149,0.335,1.18797717299746e-41
"AC025159.1",6.01911462271426e-46,-0.405338787286224,0.308,0.528,1.51109872603242e-41
"ATAD1",7.84931781468514e-46,-0.315064140614573,0.202,0.408,1.9705712373767e-41
"UBE2M",8.85197670257271e-46,-0.354676341486263,0.159,0.349,2.22228875118088e-41
"FBXL16",9.06711710659409e-46,-0.285347982978259,0.098,0.26,2.27629974961045e-41
"LINC02306",9.80615006276161e-46,-0.954156118915573,0.164,0.325,2.4618339732563e-41
"NRGN",1.0605933126567e-45,-0.919783734939458,0.566,0.684,2.66261951142463e-41
"VWC2",1.10760871299172e-45,-0.465447906086415,0.145,0.322,2.78065167396571e-41
"NEK10",1.17554809905535e-45,-0.302129303777815,0.292,0.52,2.95121350267847e-41
"KCNC3",1.35416128525851e-45,-0.322647126287829,0.132,0.31,3.3996219066415e-41
"PTPRN",1.54257061505305e-45,-0.385864223922722,0.383,0.625,3.87262352909067e-41
"AATK",1.77097246642636e-45,-0.339748568102113,0.21,0.42,4.44602637696337e-41
"XIAP",1.8856157736976e-45,-0.280298479080714,0.15,0.34,4.73383839986783e-41
"GPD1L",2.52680633813043e-45,-0.250344124587506,0.124,0.302,6.34354731187643e-41
"EPHA6",2.71746058622455e-45,-0.444723247535467,0.495,0.723,6.82218480171673e-41
"SUPT16H",3.10458988676673e-45,-0.33575165439864,0.158,0.345,7.79407291072788e-41
"PPARGC1A",3.13893272129172e-45,-0.397491878205792,0.211,0.411,7.88029059680286e-41
"FGF14",3.17090980856951e-45,0.299588405280173,0.956,0.932,7.96056907441375e-41
"SMG7",4.224517840093e-45,-0.265989767217055,0.249,0.468,1.06056520375535e-40
"ATP13A3",4.54239622575829e-45,-0.263931417449102,0.197,0.397,1.14036857247662e-40
"TMEFF2",5.00778542748191e-45,0.705379454859912,0.683,0.65,1.25720453156933e-40
"PRPF8",5.62856554662405e-45,-0.296673589831059,0.111,0.277,1.41305138047997e-40
"CIRBP",6.81254111625442e-45,-0.270151499275799,0.282,0.514,1.71028844723567e-40
"ENAH",7.26032952870152e-45,-0.310571182293245,0.287,0.516,1.82270572818052e-40
"NPTXR",7.91328862960277e-45,-0.429893161381259,0.409,0.65,1.98663111046178e-40
"ORC4",9.79795421879114e-45,-0.260866472671723,0.25,0.474,2.45977640662752e-40
"MAP1LC3A",1.28640087042909e-44,-0.290182045968155,0.176,0.373,3.22950938521223e-40
"PTPRM",1.43201734913425e-44,-0.732432991474251,0.259,0.44,3.59507955500154e-40
"RTN3",1.50247592897289e-44,-0.454407075737765,0.725,0.875,3.77196581968643e-40
"NDUFS1",1.56705921530362e-44,-0.300893016855068,0.258,0.477,3.93410216001974e-40
"MAZ",1.56793911207712e-44,-0.298367533171216,0.171,0.366,3.93631114086961e-40
"HELZ",1.95341963553188e-44,-0.349031223419298,0.377,0.618,4.90405999500279e-40
"ACTR1A",2.63490937562733e-44,-0.273694716297731,0.169,0.362,6.6149399875124e-40
"SYT13",2.69628840876571e-44,-0.307315567525309,0.19,0.389,6.76903205020633e-40
"GNB1",3.05781401045107e-44,-0.356555876256879,0.376,0.61,7.67664207323742e-40
"NFIA",4.16652437616544e-44,0.919114519268451,0.545,0.472,1.04600594463633e-39
"KCNH7",4.27780806823647e-44,0.649811985367693,0.704,0.635,1.07394371553077e-39
"NBL1",5.17526221757795e-44,-0.31812013815088,0.123,0.295,1.29924957972294e-39
"KIF5B",7.8614617330099e-44,-0.323160155870338,0.171,0.361,1.97361996807214e-39
"AARS",9.76154332739215e-44,-0.296355466916664,0.156,0.341,2.4506354523418e-39
"CCNG2",9.83647338315616e-44,-0.30442469128929,0.116,0.281,2.46944664284135e-39
"TTYH3",1.07920454294372e-43,-0.259173400259038,0.126,0.298,2.70934300506022e-39
"PSMD13",1.11369700304648e-43,-0.253262415042897,0.094,0.25,2.79593632614818e-39
"COX7A2L",1.22340500393099e-43,-0.252425921496124,0.211,0.42,3.07135826236875e-39
"EPM2AIP1",1.32623043764949e-43,-0.340379997433442,0.27,0.49,3.32950151371903e-39
"UNC80",1.41212577947072e-43,-0.354379974278207,0.571,0.765,3.54514176936124e-39
"MICU2",1.5381145704228e-43,-0.268345554798503,0.302,0.537,3.86143662904643e-39
"VOPP1",2.00341821978717e-43,-0.28237187563183,0.172,0.363,5.02958144077569e-39
"FBXO22",2.02485889870742e-43,-0.260408697814431,0.148,0.33,5.08340826520497e-39
"CLSTN3",2.22703515514828e-43,-0.281735626117681,0.238,0.454,5.59097175699975e-39
"VMA21",3.08677323299966e-43,-0.340312357020798,0.139,0.316,7.74934420144565e-39
"UBE2K",3.77566549575523e-43,-0.349597617410981,0.404,0.645,9.47880822709351e-39
"SESN3",3.83183118854868e-43,-0.347178093224362,0.42,0.646,9.61981219885147e-39
"CLTB",4.47907639889317e-43,-0.355098540403856,0.172,0.362,1.12447212994213e-38
"RPS15",5.54987775722743e-43,-0.32035426528156,0.149,0.329,1.39329681095195e-38
"EPN1",5.64136530744306e-43,-0.301348141590599,0.096,0.251,1.41626476043358e-38
"PRRC2B",6.07378317249565e-43,-0.3508021290869,0.339,0.574,1.52482326545503e-38
"CA11",6.84843225470244e-43,-0.287090919202943,0.19,0.389,1.71929891754305e-38
"MAF",8.33793742524443e-43,-0.641975828507077,0.11,0.262,2.09323919060761e-38
"SLC5A4-AS1",9.54313825789799e-43,0.671136412350945,0.375,0.249,2.39580485964529e-38
"AKAP11",9.94283191707814e-43,-0.354306421498811,0.434,0.68,2.49614795278247e-38
"CCDC186",1.01636397862653e-42,-0.254255109641724,0.191,0.39,2.55158176834191e-38
"AC090568.2",1.10393722033031e-42,0.939458846332565,0.504,0.411,2.77143439163925e-38
"AP3M2",1.15781985193849e-42,-0.251599580463999,0.101,0.259,2.90670673829157e-38
"PTK2B",1.23642407546155e-42,-0.653033463736639,0.449,0.599,3.10404264144621e-38
"GRK2",1.57281876873549e-42,-0.293445262042686,0.227,0.437,3.94856151891046e-38
"NDUFA4",1.65543567950817e-42,-0.280135048329208,0.107,0.269,4.15597127340526e-38
"NAP1L1",1.6780316489995e-42,-0.347163546561502,0.464,0.697,4.21269845481325e-38
"BAG4",1.81085723124188e-42,-0.320479051425936,0.189,0.38,4.54615707903274e-38
"YTHDC2",2.78093021527322e-42,-0.278110629893684,0.357,0.59,6.98152530544342e-38
"ATP6V0E2",2.97184816943044e-42,-0.366937355715087,0.173,0.357,7.46082482935512e-38
"SYP",3.12429109068989e-42,-0.38399088848019,0.294,0.513,7.84353278317697e-38
"MGST3",4.1929386797141e-42,-0.278422308106782,0.206,0.407,1.05263725554223e-37
"NOVA2",4.43810704228442e-42,-0.29633248238173,0.214,0.417,1.1141867729655e-37
"RPL19",5.67294611072147e-42,-0.277184942919982,0.1,0.255,1.42419312109663e-37
"C2CD5",5.80073288748641e-42,-0.310164919944699,0.515,0.728,1.45627399140346e-37
"SDHC",6.58607365559606e-42,-0.267923543312273,0.168,0.352,1.65343379123739e-37
"SUPT5H",7.82415021458194e-42,-0.25848394034591,0.15,0.329,1.96425291137079e-37
"ENSA",9.11346798748822e-42,-0.319693387807173,0.349,0.581,2.28793613825892e-37
"CLCN4",1.06405723830179e-41,-0.301563169124715,0.175,0.362,2.67131569675665e-37
"RAB2A",1.21344313235667e-41,-0.313327423932559,0.351,0.579,3.04634898378143e-37
"TSPAN3",1.24108743183332e-41,-0.282673608463641,0.222,0.428,3.11574999761756e-37
"PLK2",1.4809650533144e-41,-0.271899384922603,0.156,0.333,3.71796276634581e-37
"ZBTB11",1.58463105025877e-41,-0.267955327258367,0.105,0.261,3.97821625167464e-37
"MTPN",1.65842705225935e-41,-0.308972199575777,0.229,0.436,4.1634811146971e-37
"UBA1",1.8415220708939e-41,-0.25921491673088,0.181,0.372,4.62314115897914e-37
"UNC13C",1.98998939738008e-41,-0.504811918562483,0.342,0.537,4.9958683821227e-37
"BTBD2",2.09143796296023e-41,-0.298838353666434,0.171,0.359,5.25055500601166e-37
"SCP2",2.14662817928874e-41,-0.265104199800548,0.179,0.369,5.38911004410437e-37
"MYO1B",2.67674163042143e-41,-0.276613668743851,0.102,0.257,6.71995986317301e-37
"UBE2N",3.34413037617415e-41,-0.292296612334897,0.13,0.299,8.39543930938521e-37
"TTC33",4.0380217384533e-41,-0.2742085111028,0.157,0.338,1.0137453574387e-36
"CAMTA2",5.43738505349505e-41,-0.255062405599327,0.169,0.357,1.36505551767993e-36
"NAT8L",6.35661609308987e-41,-0.305794114990918,0.238,0.448,1.59582847017021e-36
"LARGE1",6.46461781569198e-41,0.568249539000859,0.707,0.694,1.62294230262947e-36
"SCG3",6.80077583309508e-41,-0.292227746056351,0.125,0.289,1.70733477289852e-36
"XRCC5",7.62111908436663e-41,-0.267280274150277,0.296,0.524,1.91328194613024e-36
"ENC1",7.67443645165241e-41,-0.738579276623608,0.462,0.604,1.92666727118734e-36
"NEFL",7.82652401340098e-41,-0.479346803839672,0.175,0.354,1.96484885356432e-36
"TBC1D30",7.8966239705161e-41,-0.26657804380657,0.099,0.251,1.98244744779807e-36
"LINC02389",8.75613022424272e-41,-0.253797067548389,0.197,0.388,2.19822649279613e-36
"GOT2",1.53614638633687e-40,-0.269638561135644,0.114,0.275,3.85649550289872e-36
"ADAMTSL1",1.54931137360206e-40,-0.301659723348601,0.105,0.257,3.88954620342796e-36
"PHF10",1.80942306338606e-40,-0.26465521218736,0.122,0.284,4.54255660063071e-36
"GABRG2",2.65716323761677e-40,-0.383917648389738,0.523,0.734,6.67080830803691e-36
"COPS2",2.76893855639627e-40,-0.262092518336677,0.166,0.35,6.95142024583283e-36
"MAP7D2",3.05937417470709e-40,-0.3619316044693,0.22,0.412,7.68055886560216e-36
"TTBK2",3.43859397778021e-40,-0.385943687225379,0.464,0.695,8.63259018121722e-36
"GRIK1",3.5937967993493e-40,-1.00913053330056,0.199,0.366,9.02222686476643e-36
"GPRASP1",4.1628565039452e-40,-0.260574314545639,0.163,0.346,1.04508512531544e-35
"POLR2B",4.36986623850917e-40,-0.291491894228419,0.125,0.289,1.09705491917773e-35
"SYNJ1",4.39439518960347e-40,-0.337821442034544,0.287,0.509,1.10321291234995e-35
"HSPA9",4.80322477710439e-40,-0.28270632648374,0.19,0.38,1.20584958029206e-35
"SNX10",5.13556747741845e-40,-0.409044327876449,0.286,0.499,1.2892842152059e-35
"ODF2L",5.64313480765854e-40,-0.276824684713416,0.329,0.553,1.41670899346268e-35
"KLF9",5.65292415031655e-40,-0.295736025457044,0.144,0.316,1.41916660793697e-35
"AMD1",6.34457595876938e-40,-0.288592498327426,0.226,0.427,1.59280579444905e-35
"EFR3A",7.07187241124299e-40,-0.337706529807634,0.381,0.616,1.77539356884255e-35
"SSFA2",8.16030432718352e-40,-0.250255530916503,0.2,0.393,2.04864440133942e-35
"AVL9",8.17515361074797e-40,-0.275363388024909,0.309,0.533,2.05237231397828e-35
"BRINP3",8.1825421790476e-40,1.00258615151221,0.437,0.324,2.0542272140499e-35
"CNST",8.63662630080554e-40,-0.327063019604466,0.271,0.482,2.16822503281723e-35
"ACO2",9.8501877053465e-40,-0.26616287074311,0.166,0.346,2.47288962342724e-35
"PRKCA",1.09286907671996e-39,-0.397704383840686,0.492,0.69,2.74364781710545e-35
"TIAM1",1.14835049542632e-39,-0.432012905566368,0.367,0.563,2.88293391876778e-35
"TRMT9B",1.18544940084051e-39,-0.310269577275861,0.133,0.298,2.97607072081011e-35
"VAPB",1.28458869399286e-39,-0.257267024987939,0.131,0.296,3.22495991626907e-35
"LANCL1",1.61060664275158e-39,-0.344893585058184,0.29,0.498,4.04342797662784e-35
"RBMS3",2.02828263754241e-39,-0.470637973443556,0.115,0.266,5.09200356155023e-35
"PTPN11",2.32355227221374e-39,-0.270980999419923,0.193,0.383,5.83327797939258e-35
"CAMK2B",2.49881950869785e-39,-0.358727594600669,0.626,0.82,6.27328637658595e-35
"KLHL5",3.02590177596828e-39,-0.336743113455156,0.13,0.291,7.59652640856837e-35
"SEPT3",3.06016231468564e-39,-0.313101493500334,0.189,0.378,7.68253749101831e-35
"SEL1L",3.11676802648626e-39,-0.2537746119863,0.169,0.348,7.82464613049375e-35
"EPB41L1",3.38017415158081e-39,-0.343022162855873,0.308,0.536,8.48592720754361e-35
"KCTD2",4.91070429349639e-39,-0.28049582575931,0.127,0.289,1.23283231288227e-34
"CACNG8",6.12579264426202e-39,-0.320249695470139,0.293,0.512,1.53788024334198e-34
"ITGB8",9.2099364320435e-39,0.660488687904256,0.297,0.169,2.31215454126452e-34
"FAM19A5",1.18696455334616e-38,-0.320994077562345,0.281,0.488,2.97987451117553e-34
"SLC25A46",1.41892156954617e-38,-0.285646485200071,0.253,0.458,3.56220260034567e-34
"EIF4G2",1.44024304587374e-38,-0.283230422045473,0.164,0.34,3.61573016666602e-34
"KCNC4",1.47623717400599e-38,-0.279728933319198,0.122,0.28,3.70609342534204e-34
"AHI1",1.71956549298289e-38,-0.33355357527175,0.718,0.835,4.31696917013353e-34
"MEAF6",1.95060978917027e-38,-0.26055072910535,0.133,0.297,4.89700587571197e-34
"FAM131A",2.90252434128836e-38,-0.255178330343851,0.162,0.332,7.28678735880443e-34
"UBLCP1",2.99593250248692e-38,-0.250082736954044,0.106,0.255,7.52128854749341e-34
"MARF1",3.25004439138501e-38,-0.26645804454738,0.141,0.308,8.15923644457208e-34
"GPX4",3.4431594090365e-38,-0.277383619604013,0.175,0.357,8.64405169638612e-34
"DDHD1",3.81642398104136e-38,-0.260903166079988,0.304,0.523,9.58113240440434e-34
"NOC2L",3.95938752261038e-38,-0.313384458396601,0.118,0.272,9.94004237551335e-34
"CLOCK",4.17623850034411e-38,-0.258078458946467,0.319,0.541,1.04844467551139e-33
"GMFB",4.48580624959618e-38,-0.293498951481808,0.136,0.299,1.12616165896112e-33
"GABBR2",5.93673609566063e-38,-0.355512640235812,0.635,0.814,1.4904175968156e-33
"HMGCR",6.85088797982061e-38,-0.250869444801781,0.177,0.357,1.71991542733396e-33
"NHS",9.20041987275303e-38,-0.269372457730962,0.221,0.408,2.30976540905465e-33
"CCDC92",9.25019476793742e-38,-0.344917965974987,0.442,0.655,2.32226139649069e-33
"PRKAA2",9.44828839785589e-38,-0.280250094987309,0.35,0.574,2.37199280228172e-33
"KCNB1",1.05353299309028e-37,-0.351143217872584,0.417,0.638,2.64489457915315e-33
"HNRNPU",1.12685566652132e-37,-0.311335253537345,0.452,0.681,2.82897115080177e-33
"ANKRD42",1.14837235818016e-37,-0.255952727580152,0.123,0.28,2.88298880521129e-33
"PCDH19",1.32362053822697e-37,-0.271819065935983,0.169,0.346,3.32294936121881e-33
"EDF1",1.43860985207417e-37,-0.287233950103439,0.131,0.29,3.6116300336322e-33
"GTF2A1",1.60713414740111e-37,-0.251585604186617,0.171,0.348,4.03471027705049e-33
"USP33",1.65886089989026e-37,-0.280462025868946,0.399,0.625,4.1645702891745e-33
"NIPA1",1.67186889463358e-37,-0.328470024784715,0.167,0.337,4.19722685997759e-33
"SDCBP",1.68925214778259e-37,-0.318217014638634,0.12,0.274,4.2408675170082e-33
"HSPA4L",1.76392420408395e-37,-0.272155506155777,0.222,0.416,4.42833171435276e-33
"PPIP5K2",1.82617324802502e-37,-0.280218452393193,0.334,0.552,4.5846079391668e-33
"TMEM130",1.85907133966786e-37,-0.303950281201616,0.245,0.443,4.66719859823618e-33
"CHSY3",1.91840309518018e-37,0.492666644934004,0.741,0.708,4.81615097044983e-33
"GRM1",2.12471855882792e-37,0.638579693062308,0.557,0.457,5.33410594193748e-33
"SCARB2",2.49933382862847e-37,-0.300295910346802,0.247,0.443,6.27457757677178e-33
"ZNF536",2.979391286494e-37,-0.476816085847849,0.181,0.348,7.47976182474318e-33
"TRMT11",3.15546228102306e-37,-0.258295301101361,0.198,0.378,7.92178805650839e-33
"API5",4.40213317316765e-37,-0.282259592849341,0.214,0.403,1.10515553312374e-32
"HINT1",5.15754278706576e-37,-0.288209015429624,0.109,0.256,1.29480111669286e-32
"CAMKK1",6.35169699192772e-37,-0.302960158724803,0.222,0.408,1.59459352982345e-32
"GALNT13",6.99669035498198e-37,-0.43057712256184,0.437,0.625,1.75651911361823e-32
"FAM168B",7.35860027098546e-37,-0.312292745258107,0.241,0.438,1.8473765980309e-32
"ZNF483",9.09756582964423e-37,-0.31943423555166,0.446,0.68,2.28394390153218e-32
"ANO4",9.4372646292949e-37,-0.464036569373054,0.342,0.531,2.36922528518449e-32
"PPM1A",9.8444862535676e-37,-0.254432097929189,0.235,0.434,2.47145827395815e-32
"TMOD2",1.32874011550932e-36,-0.275833190924615,0.369,0.591,3.33580205998614e-32
"DYNC1H1",1.43428100642608e-36,-0.321349147999163,0.377,0.596,3.60076246663268e-32
"AP3S1",1.88936153000308e-36,-0.258337229285838,0.254,0.453,4.74324212107274e-32
"PDE4A",2.23596961737374e-36,-0.331673671499467,0.206,0.386,5.61340172441676e-32
"EI24",2.37547214639067e-36,-0.252693009601045,0.127,0.283,5.96362282351377e-32
"REV3L",2.56952438696461e-36,-0.37227874703854,0.471,0.682,6.45079097347466e-32
"SCYL2",3.00658306921722e-36,-0.26766597880538,0.171,0.348,7.54802679526983e-32
"ZMYND11",3.00775047092467e-36,-0.298099181312387,0.395,0.625,7.55095755725638e-32
"HNRNPDL",3.72295907198267e-36,-0.256172016321502,0.431,0.666,9.34648875021249e-32
"SPPL3",4.95946552645255e-36,-0.284289085783496,0.418,0.647,1.24507382041591e-31
"C5orf24",7.84618088914726e-36,-0.255431814650146,0.146,0.306,1.96978371222042e-31
"ELAVL2",1.00397984883731e-35,-0.499876776712623,0.353,0.532,2.52049141050608e-31
"NLGN2",1.07477517509569e-35,-0.254627099481393,0.108,0.251,2.69822307707773e-31
"NDST3",1.15206345806255e-35,-0.34410149575029,0.359,0.555,2.89225531146604e-31
"SPTAN1",1.31994413028989e-35,-0.298601057353786,0.5,0.706,3.31371973909278e-31
"AL445433.2",1.56750070602531e-35,-0.275694453303594,0.133,0.285,3.93521052247654e-31
"KIAA1211",1.68531204174421e-35,-0.337797115373282,0.151,0.31,4.23097588079883e-31
"RSPO2",2.7702373826982e-35,-0.288227386357642,0.189,0.363,6.95468094926382e-31
"RAB6A",2.82402979014223e-35,-0.268232443211268,0.343,0.559,7.08972678815206e-31
"PDE7B",2.8940224757393e-35,-0.265584126399219,0.192,0.373,7.26544342534352e-31
"NAPA",2.9370724880047e-35,-0.266610257107438,0.214,0.402,7.37352048113581e-31
"GNG3",3.04889172383084e-35,-0.279566595605681,0.117,0.264,7.65424267267732e-31
"CNTNAP5",3.57593332602272e-35,-0.367759331710205,0.715,0.812,8.97738061498005e-31
"PABPN1",4.3668280110676e-35,-0.26027263613009,0.414,0.641,1.09629217217852e-30
"MT-ND4",4.4089692972804e-35,0.396355243697322,0.965,0.966,1.10687174208224e-30
"B4GAT1",4.67640973017074e-35,-0.258265371954534,0.137,0.295,1.17401266275936e-30
"TNKS2",5.46558600054061e-35,-0.283171080693557,0.283,0.489,1.37213536543572e-30
"FHIT",5.63801450053318e-35,0.598438711583432,0.666,0.6,1.41542354035885e-30
"SNX27",6.43827419330284e-35,-0.253376381454764,0.235,0.423,1.61632873622868e-30
"KCTD16",7.46738449742091e-35,0.54020675518592,0.802,0.782,1.87468687807752e-30
"AKAP8L",8.46095177292352e-35,-0.284838013042129,0.424,0.646,2.12412194259245e-30
"KCNA2",1.42542125971801e-34,-0.362147484417718,0.134,0.283,3.57852007252205e-30
"PPP5C",1.57681053597572e-34,-0.250148909483984,0.182,0.358,3.95858285056706e-30
"ZNF385B",1.77682282000099e-34,0.594470307705182,0.7,0.662,4.46071368961249e-30
"GLG1",1.79343672673974e-34,-0.291256361859843,0.437,0.663,4.50242290248012e-30
"TPI1",1.98068115366411e-34,-0.349458721848631,0.178,0.346,4.97250003627376e-30
"IMMP2L",2.69927246512933e-34,0.516440554356671,0.728,0.709,6.77652352370718e-30
"LPIN2",3.03973971369922e-34,-0.253208496802663,0.127,0.276,7.63126655124189e-30
"SSX2IP",3.29909900766652e-34,-0.34728395037978,0.358,0.568,8.28238805874679e-30
"HSP90AA1",3.50289138295715e-34,-0.371701418642787,0.475,0.685,8.79400881691392e-30
"SLC24A3",3.87144346006395e-34,-0.450718611823326,0.111,0.25,9.71925880649054e-30
"JPH3",4.72949931623191e-34,-0.272744617771321,0.218,0.406,1.18734080334002e-29
"EIF1AX",5.30850927883305e-34,-0.255314558441346,0.292,0.497,1.33270125445104e-29
"WASF3",5.39961906194998e-34,-0.298642903949727,0.163,0.321,1.35557436550254e-29
"SEMA3A",5.65210023181526e-34,0.720081844674607,0.281,0.159,1.41895976319722e-29
"MAGED1",6.23052290596598e-34,-0.259692361908774,0.286,0.488,1.56417277554276e-29
"TMEM59L",6.9455279238787e-34,-0.402904948691454,0.522,0.715,1.74367478528975e-29
"FLRT2",9.61524528389464e-34,0.52001047943949,0.746,0.71,2.41390732852175e-29
"AC109466.1",1.07185825560961e-33,1.21855365682331,0.297,0.171,2.69090015070793e-29
"MAP4",1.08141664857698e-33,-0.261560950417975,0.311,0.523,2.71489649625251e-29
"KCNC2",1.11534813470265e-33,-0.360144849398202,0.648,0.799,2.80008149217101e-29
"NETO2",1.11740018295169e-33,-0.289985565902226,0.2,0.372,2.80523315930021e-29
"PRKAG2",1.16261461624078e-33,0.65298506605774,0.47,0.389,2.91874399407247e-29
"CASC4",1.30318376949028e-33,-0.256248259188613,0.414,0.641,3.27164285330536e-29
"SATB2",1.34751779060934e-33,0.517544300924295,0.611,0.488,3.38294341332475e-29
"FAM84A",1.41995123856309e-33,-0.271278095352532,0.14,0.289,3.56478758441264e-29
"MT-ND5",1.91354462744906e-33,-0.42326865758942,0.543,0.759,4.80395378721085e-29
"GFAP",2.6109711712469e-33,0.630726384180893,0.274,0.153,6.55484312541533e-29
"FGF13",2.69259605817331e-33,-0.412007973240533,0.257,0.436,6.75976240404409e-29
"BSG",3.08713087523716e-33,-0.27964360332715,0.436,0.66,7.75024206228288e-29
"FAM110B",3.16134290384907e-33,-0.334652248399568,0.208,0.377,7.93655136011308e-29
"UHMK1",4.39282535789527e-33,-0.281742735268818,0.155,0.312,1.10281880609961e-28
"SCG5",5.18950321688409e-33,-0.281484402847317,0.236,0.42,1.30282478259875e-28
"MDGA2",9.14821627868054e-33,0.492335018147581,0.856,0.837,2.29665969676275e-28
"RUFY3",1.13485703829566e-32,-0.318749193484595,0.531,0.746,2.84905859464126e-28
"KIDINS220",1.19021624909702e-32,-0.293573624227748,0.431,0.646,2.98803789335806e-28
"FZD3",1.9454371420714e-32,-0.297842155186361,0.441,0.66,4.88401994517025e-28
"OPA1",2.22975561574697e-32,-0.277635412130519,0.402,0.612,5.59780147333276e-28
"DSTN",2.57448421567366e-32,-0.274912515645427,0.239,0.425,6.46324262344873e-28
"VAPA",3.00487921957402e-32,-0.264952760189046,0.37,0.584,7.54374928074059e-28
"ADCY8",3.18670531413134e-32,-0.299826980455201,0.13,0.272,8.00022369112672e-28
"GSK3B",3.6743787280815e-32,-0.286326194657754,0.49,0.705,9.22452779684862e-28
"ATP6V1C1",4.04149395233451e-32,-0.272453478890608,0.219,0.395,1.01461705673358e-27
"AAK1",4.4026324780523e-32,-0.297537384688081,0.577,0.765,1.10528088361503e-27
"CRB1",9.49327927065451e-32,-0.264097979709288,0.126,0.268,2.38328776089781e-27
"SPAG16",1.83058012226366e-31,-0.298287082670877,0.433,0.628,4.59567139694293e-27
"LMBRD1",1.93928479035898e-31,-0.268281388558271,0.342,0.552,4.86857446619623e-27
"KCNAB2",2.8440187138635e-31,-0.273649956848787,0.254,0.44,7.13990898115431e-27
"CASD1",3.51546179301034e-31,-0.258549241945654,0.25,0.432,8.82556683135245e-27
"ADAM23",4.08035693188937e-31,-0.390665130573469,0.589,0.725,1.02437360775083e-26
"GAS7",7.60112949688901e-31,-0.369304148929093,0.461,0.656,1.90826356019399e-26
"SLIT3",9.40453105752733e-31,0.607138122198521,0.435,0.328,2.36100752199224e-26
"RUNDC3B",1.01746451544142e-30,-0.257829206625877,0.409,0.608,2.55434466601569e-26
"KCNQ1OT1",1.49126705560646e-30,-0.3233573696608,0.212,0.377,3.74382594310001e-26
"SERPINE2",1.61474045596863e-30,-0.411842931291187,0.176,0.318,4.05380591470925e-26
"C16orf45",1.95282218808693e-30,-0.258361992801985,0.265,0.449,4.90256010319223e-26
"DNAJB14",2.80090566199458e-30,-0.267318783509511,0.349,0.554,7.03167366443739e-26
"PRKCE",6.31011893039178e-30,-0.280378173890774,0.669,0.843,1.58415535747486e-25
"DNAJC5",6.39272841622843e-30,-0.258301517861034,0.222,0.395,1.60489446889415e-25
"WWP1",6.9408259108203e-30,-0.325714729088953,0.262,0.433,1.74249434491144e-25
"KIAA1217",7.02887031004364e-30,-0.347997065981081,0.463,0.614,1.76459789133646e-25
"ROCK2",1.21054397277038e-29,-0.287098715917523,0.563,0.748,3.03907064364003e-25
"SNAP91",1.93686937332122e-29,-0.27901756236183,0.648,0.803,4.86251056172292e-25
"SLC39A10",1.94175553257413e-29,-0.345870688880285,0.454,0.635,4.87477726452735e-25
"FAM19A1",3.35152044124288e-29,0.646616001755154,0.592,0.482,8.41399206774026e-25
"PEX5L",5.38791792186276e-29,0.487579895767592,0.762,0.768,1.35263679428365e-24
"MAP1B",8.30243260753369e-29,-0.594032195935299,0.802,0.906,2.08432570612133e-24
"OGFRL1",8.98511394642887e-29,-0.259220761184405,0.225,0.394,2.25571285625097e-24
"LDB2",9.33053432907927e-29,0.426863990382977,0.733,0.654,2.34243064331535e-24
"AP2M1",1.26323147816339e-28,-0.280938191325866,0.339,0.538,3.1713426259292e-24
"NCS1",1.72692563851382e-28,-0.271148517709256,0.264,0.442,4.33544681548896e-24
"FKBP5",2.00588547640307e-28,0.731658322630538,0.306,0.206,5.0357754885099e-24
"HHAT",2.04531275334236e-28,-0.443498850108792,0.173,0.306,5.13475766726599e-24
"CHCHD10",2.09498364506816e-28,-0.265405611513069,0.146,0.287,5.25945644094363e-24
"CCNI",2.99460807744109e-28,-0.278724119650587,0.269,0.444,7.51796357841586e-24
"DPYSL2",3.83721609501776e-28,-0.345107217849699,0.552,0.749,9.63333100654209e-24
"DMXL2",5.23384473124937e-28,-0.254547714518723,0.43,0.64,1.31395671978015e-23
"PTK2",7.3073615242056e-28,0.423721048545708,0.734,0.737,1.83451311065182e-23
"NF1",1.51422961300832e-27,-0.28612904027825,0.547,0.734,3.80147344345738e-23
"L3MBTL4",1.56422127942253e-27,-0.72432680239001,0.21,0.339,3.92697752199026e-23
"BTBD3",1.70300655588461e-27,-0.266127790489322,0.26,0.433,4.27539795854832e-23
"SLC1A2",1.88600532648565e-27,-0.253011736518967,0.221,0.389,4.73481637214223e-23
"SSBP3",1.90848349322243e-27,-0.357948301084656,0.452,0.639,4.79124780973492e-23
"TMEM132D",2.19671753645086e-27,0.564698110136158,0.681,0.639,5.51485937525989e-23
"NELL1",7.15886152348662e-27,0.529020479825896,0.532,0.437,1.79723218547132e-22
"NRXN3",8.36113996818573e-27,-0.309837073706435,0.937,0.936,2.09906418901303e-22
"EPB41L2",8.3636476866361e-27,-0.356256235771478,0.483,0.628,2.09969375172999e-22
"SH3GLB2",8.61023446472284e-27,-0.251908161620456,0.277,0.452,2.16159936236867e-22
"SLC2A13",1.18046030218872e-26,-0.292746509980904,0.683,0.828,2.96354558864477e-22
"NXPH1",1.25366779857707e-26,-0.549095272405955,0.144,0.266,3.14733300832773e-22
"SLC8A1",1.27374373084471e-26,0.363084601858615,0.843,0.77,3.19773363628564e-22
"SLC35F3",1.37953278570338e-26,0.697839852806764,0.607,0.592,3.46331705850833e-22
"FRRS1L",1.55915484624019e-26,-0.25633980131932,0.418,0.622,3.914258241486e-22
"ERC2",2.06382881090082e-26,0.44312744052026,0.813,0.803,5.18124222976652e-22
"EFHD2",3.57655897282725e-26,-0.285933905119871,0.152,0.285,8.97895130128282e-22
"OLFM3",4.15572600442993e-26,0.451398351232362,0.676,0.594,1.04329501341213e-21
"NPIPB5",4.30744690710132e-26,0.519548671140874,0.322,0.228,1.08138454602779e-21
"HLF",6.48916002777615e-26,-0.259996959483939,0.272,0.443,1.6291036249732e-21
"SPOCK3",7.67727364650079e-26,-0.399545006246385,0.475,0.619,1.92737954895402e-21
"TSC22D1",1.40670185664169e-25,-0.279431157519162,0.618,0.785,3.53152501109897e-21
"SLC35F1",2.03805196707307e-25,0.519522936363996,0.641,0.604,5.11652946333694e-21
"SLC44A5",4.28158251450515e-25,-0.477794144287257,0.387,0.521,1.07489129026652e-20
"MT-ND1",5.23456769877202e-25,0.427964909847875,0.881,0.923,1.31413822077672e-20
"MT-CO3",5.44201741747959e-25,0.304446551740362,0.982,0.99,1.36621847265825e-20
"PEG10",6.30207529677069e-25,-0.288651946116323,0.174,0.311,1.58213600325428e-20
"RASGRF2",6.44373853812305e-25,-0.329788002997469,0.453,0.604,1.61770055999579e-20
"SNTG1",9.78587243050485e-25,0.323019156389314,0.881,0.844,2.45674327367824e-20
"CARMIL1",1.10406231385085e-24,0.543536744482048,0.54,0.472,2.77174843892256e-20
"NECTIN3",1.12099502449429e-24,-0.283226219787031,0.325,0.482,2.81425800899292e-20
"ABLIM1",1.62896776076813e-24,-0.266471726289126,0.547,0.733,4.08952356340838e-20
"GAPDH",1.80868150604065e-24,-0.273397680626594,0.417,0.619,4.54069492091506e-20
"ZBBX",2.38371977698318e-24,-0.250767897798598,0.151,0.276,5.98432850011627e-20
"PLD3",3.05043110465605e-24,-0.251669789670629,0.442,0.643,7.658107288239e-20
"KLF12",3.16588808835688e-24,-0.304435542035947,0.322,0.473,7.94796204581994e-20
"UNC5D",6.09141857158266e-24,0.43909765483922,0.743,0.665,1.52925063239583e-19
"GLS",8.14530482813602e-24,-0.27183767082785,0.63,0.792,2.04487877710355e-19
"AC019211.1",1.51539919763292e-23,0.564566201582974,0.33,0.234,3.80440968565744e-19
"FP671120.1",1.7107723552085e-23,-0.371307106205082,0.487,0.686,4.29489399775093e-19
"OLFM1",2.40007574222269e-23,-0.272094512957338,0.435,0.61,6.02539015085007e-19
"RIMS3",2.87895241684707e-23,-0.280152356710651,0.299,0.466,7.22761004249456e-19
"CACNA1C",3.92746188540923e-23,0.326077211316469,0.797,0.804,9.85989306331988e-19
"SH3GL2",4.73572955861209e-23,0.457286667430331,0.654,0.61,1.18890490568957e-18
"KIF26B",5.58461699183886e-23,-0.387723994721045,0.148,0.266,1.40201809580114e-18
"STXBP1",6.12489084057541e-23,-0.266232784508325,0.561,0.745,1.53765384552646e-18
"GABRB1",6.90542062632289e-23,0.325876868222533,0.79,0.805,1.73360584823836e-18
"KCNAB1",1.03913167700975e-22,-0.502561961128063,0.296,0.427,2.60874007513297e-18
"KIAA0930",1.04075684736777e-22,0.560858552119851,0.555,0.534,2.61282006531678e-18
"FOXP1",2.37510292571248e-22,0.349374228721757,0.725,0.708,5.96269589500119e-18
"SLC26A3",2.60239499188332e-22,0.520397225411922,0.352,0.271,6.53331262712307e-18
"NCALD",2.81719094683308e-22,-0.251706663941247,0.434,0.606,7.07255787202444e-18
"CADM1",1.0071337613845e-21,0.456038427086121,0.726,0.727,2.52840930795578e-17
"BMPER",1.33805005260281e-21,0.56150650469199,0.464,0.404,3.35917465705934e-17
"PHYHIP",2.3073651342382e-21,-0.440988596398824,0.619,0.748,5.79264016950499e-17
"NCEH1",2.92369170114927e-21,-0.265572023667871,0.331,0.501,7.33992801573525e-17
"AGAP1",6.998278012953e-21,0.391111249288175,0.714,0.731,1.75691769515185e-16
"ZNF385D",7.8103876210173e-21,-0.377698517863172,0.327,0.446,1.96079781225639e-16
"DPH6-DT",1.14015806953508e-20,0.543951182231072,0.338,0.261,2.86236683356783e-16
"YWHAZ",1.66402024170291e-20,-0.271369601405214,0.473,0.664,4.17752281679517e-16
"LRRTM3",2.3844593890977e-20,0.398015279437606,0.718,0.712,5.98618529632977e-16
"NLGN1",2.766146406597e-20,0.278171335043394,0.889,0.851,6.94441055376178e-16
"COBL",3.78324118827517e-20,0.44962207706235,0.556,0.526,9.49782700316483e-16
"WASF1",5.23905535610554e-20,-0.256452107734033,0.45,0.607,1.31526484715029e-15
"CADPS2",6.1721126344687e-20,0.408472626554436,0.628,0.51,1.54950887688337e-15
"TOX",6.4625071055242e-20,0.633439632067593,0.444,0.353,1.62241240884185e-15
"SORL1",1.68936282983018e-19,-0.254017424861257,0.509,0.66,4.24114538428867e-15
"HS3ST5",7.81500560974632e-19,0.434870379110156,0.364,0.282,1.96195715832681e-14
"PRICKLE2",8.72839940147023e-19,0.400964614374692,0.571,0.563,2.1912646697391e-14
"SORCS1",1.2972011102691e-18,0.427194252672069,0.622,0.586,3.25662338733058e-14
"ADARB2",1.32677544856325e-18,-0.649795205026783,0.211,0.314,3.33086976361804e-14
"GAB1",4.94690799267519e-18,0.524749852258821,0.498,0.458,1.24192125156111e-13
"RAPGEF2",7.75933287614412e-18,0.337423175197026,0.742,0.757,1.94798051855598e-13
"LRFN5",1.23330356863195e-17,0.310718774670355,0.797,0.781,3.0962086090505e-13
"PTPRT",1.26193685143195e-17,0.311216101414622,0.608,0.498,3.16809246551992e-13
"MACROD2",1.37386980649715e-17,-0.252598729990045,0.825,0.874,3.44910014921111e-13
"LHFPL6",1.64691384474813e-17,0.554024734690515,0.372,0.3,4.13457720724019e-13
"DCC",1.80594702021891e-17,0.59490804000875,0.484,0.405,4.53382999425956e-13
"ROBO2",1.86492516499643e-17,0.390241592678144,0.842,0.84,4.68189462672353e-13
"CNTN4",2.04724441277796e-17,0.369893718149349,0.769,0.781,5.13960709827907e-13
"CNTNAP4",2.2601114899562e-17,-0.315603162852214,0.345,0.481,5.67400989553503e-13
"MSRA",2.59538359930673e-17,0.303833016443189,0.769,0.777,6.51571052605954e-13
"CDH10",2.98512632061707e-17,0.394504268800527,0.644,0.627,7.49415962790915e-13
"CNKSR2",3.2280089132791e-17,0.326596757632773,0.75,0.734,8.10391637678718e-13
"GRIA1",6.86926663877048e-17,0.314300492404748,0.752,0.775,1.72452938966333e-12
"MLLT3",7.6468351768233e-17,0.388654443149321,0.705,0.736,1.91973797114149e-12
"PLD5",8.58887824279612e-17,-0.465644086493012,0.193,0.291,2.15623788285397e-12
"TJP1",1.05390893293839e-16,0.410550518677336,0.655,0.674,2.64583837614182e-12
"CDH2",2.64417237052549e-16,0.402750087858788,0.631,0.655,6.63819473620425e-12
"PPFIA2",5.4349678983396e-16,0.25301862022817,0.851,0.829,1.36444869087816e-11
"CADPS",5.50212100478364e-16,0.283563695313093,0.813,0.844,1.38130747825093e-11
"ERBB4",9.08462555507012e-16,-0.478024402726353,0.44,0.534,2.28069524560035e-11
"ARHGEF28",9.9414791483728e-16,0.443001353954406,0.264,0.192,2.49580834019899e-11
"TESPA1",2.50669050695424e-15,-0.363313186158593,0.291,0.383,6.29304651770862e-11
"PLCL1",2.87777011595039e-15,0.41476248306206,0.576,0.545,7.22464187609344e-11
"LRRC4C",1.21242579923306e-14,0.379908411684523,0.822,0.794,3.04379496897461e-10
"RAB27B",1.82886087327412e-14,0.446407767618517,0.334,0.277,4.59135522235468e-10
"SFMBT2",3.46835486047715e-14,0.384173831363137,0.252,0.178,8.70730487722788e-10
"CPNE4",3.96253124493644e-14,0.577899388516527,0.352,0.285,9.94793469041292e-10
"SEPT11",4.7965663695156e-14,0.386864197498632,0.555,0.571,1.20417798706689e-09
"MAN2A1",5.73156856472948e-14,0.549490468834019,0.481,0.456,1.43891028817534e-09
"KCNB2",7.33254700476526e-14,0.373081229905441,0.547,0.49,1.84083592554632e-09
"CAMK1D",7.55736218988896e-14,0.279827554737839,0.715,0.716,1.89727577777162e-09
"FP236383.1",8.44648237574665e-14,-0.27189128755079,0.573,0.743,2.1204894004312e-09
"SORBS2",1.26243026349444e-13,0.449820586557766,0.684,0.703,3.1693311765028e-09
"ANO3",1.97669038133786e-13,0.420134136436522,0.397,0.338,4.9624812023487e-09
"PDE4DIP",2.62902804229301e-13,0.250263014759338,0.795,0.818,6.6001749001766e-09
"C8orf34",3.34632972940696e-13,-0.426745592550797,0.206,0.295,8.40096078567618e-09
"KANSL1",3.9003081847655e-13,0.382184403976121,0.593,0.636,9.79172369785379e-09
"DGKG",4.7578200962853e-13,0.578936830880131,0.431,0.408,1.19445073517242e-08
"TSHZ2",6.23995469083032e-13,0.46347868346464,0.292,0.212,1.56654062513295e-08
"MAST3",1.41088609293079e-12,-0.256667817047147,0.385,0.506,3.54202953630275e-08
"TRPM3",1.5501142358154e-12,0.678181227615481,0.361,0.298,3.89156178901457e-08
"R3HDM1",1.5874895370638e-12,0.263470039715666,0.8,0.774,3.98539248279867e-08
"CCND3",2.60107291100826e-12,0.425649617551233,0.275,0.222,6.52999354308623e-08
"JPX",3.01604685965472e-12,0.513245249963797,0.403,0.381,7.57178564116317e-08
"GPM6B",3.71049046271463e-12,0.32119514041978,0.652,0.681,9.31518630664507e-08
"MBNL2",3.97000286305237e-12,0.289260143599677,0.651,0.647,9.96669218769298e-08
"TANC2",4.43047308341951e-12,0.276471747504871,0.731,0.755,1.11227026759247e-07
"TTLL7",4.57322151084965e-12,0.332936822601663,0.658,0.709,1.1481072602988e-07
"SNED1",6.60267770745588e-12,0.445310417268308,0.308,0.262,1.6576022384568e-07
"CA10",6.92024713281819e-12,0.442510837828092,0.454,0.403,1.73732804269401e-07
"SPTBN4",7.30142118094993e-12,0.37890580233179,0.619,0.66,1.83302178747748e-07
"HECW1",1.37600693106425e-11,0.303102224293784,0.689,0.692,3.45446540043679e-07
"TENM4",1.44666922874484e-11,0.416447720071205,0.602,0.627,3.63186309876391e-07
"GPC6",2.60972319402734e-11,0.369313981806127,0.487,0.414,6.55171007860564e-07
"SYNPR",3.59309838674499e-11,-0.378865002964857,0.352,0.438,9.02047349992329e-07
"FUT9",6.54868630259473e-11,0.351070613167846,0.674,0.7,1.64404769626641e-06
"AC011287.1",8.42087112929747e-11,0.372783451282012,0.47,0.4,2.11405969701013e-06
"SNCA",8.48576767196509e-11,0.309736249975185,0.537,0.519,2.13035197404684e-06
"ARGLU1",9.02146234675354e-11,0.47092539483327,0.436,0.435,2.26483812215248e-06
"KCNQ2",1.25397892302416e-10,0.359531338325555,0.526,0.556,3.14811408625217e-06
"AL117329.1",1.28200607597843e-10,0.434139865873175,0.409,0.365,3.21847625374384e-06
"FMN1",1.32191511466754e-10,0.272001456291167,0.627,0.59,3.31866789537287e-06
"DLC1",1.41284599362745e-10,0.643012611918878,0.291,0.241,3.54694986700171e-06
"EXOC4",1.59917201198167e-10,0.32371871097052,0.693,0.725,4.01472133607999e-06
"FSTL4",1.82892919843064e-10,0.345160770070418,0.5,0.461,4.59152675266013e-06
"BTBD9",2.02857969575279e-10,0.274313421077766,0.675,0.694,5.09274932618738e-06
"ZEB1",2.99663392842e-10,0.358184341956681,0.544,0.538,7.5230494772984e-06
"KIFC2",7.34479872716332e-10,0.377009607745162,0.576,0.614,1.84391172045435e-05
"PNISR",9.48718061780934e-10,0.304746500606312,0.665,0.698,2.38175669410104e-05
"ZDHHC14",1.33285277750682e-09,0.412730185623593,0.488,0.493,3.34612689793088e-05
"ASTN2",1.47881445347887e-09,-0.273206880814847,0.507,0.622,3.71256368545869e-05
"MYO16",1.96035386418385e-09,-0.334490950707686,0.184,0.25,4.92146837603357e-05
"BASP1-AS1",2.12513846143096e-09,0.413389634822256,0.431,0.415,5.33516010742243e-05
"DOCK4",2.74341630789395e-09,0.422115792868992,0.651,0.68,6.88734664096777e-05
"MYO1D",3.94404153111753e-09,0.454959507732763,0.406,0.392,9.90151626387055e-05
"FMNL2",5.6507515808513e-09,0.29579028315729,0.717,0.751,0.000141862118437272
"MIR181A1HG",1.00683100839801e-08,0.410137969808951,0.294,0.25,0.000252764924658321
"HSPA12A",1.26608330051733e-08,0.303277104780756,0.591,0.637,0.000317850212594876
"ADK",1.48888370716343e-08,0.3760562630539,0.579,0.634,0.000373784254683378
"GALNTL6",1.50436540165662e-08,-0.385306523433921,0.641,0.697,0.000377670934085894
"MICAL3",1.72313689458983e-08,0.330988832268234,0.593,0.652,0.000432593517386776
"FRMPD4",3.14721155983226e-08,0.266205860756738,0.836,0.841,0.000790107462095889
"MAML2",3.20925903685142e-08,0.561666355459431,0.264,0.224,0.000805684481201549
"R3HDM2",3.41995496580292e-08,0.382656120763207,0.472,0.49,0.000858579694164822
"PCDH15",5.96191838880915e-08,-0.388924231100519,0.238,0.307,0.00149673961151054
"GPC5",6.30605883956193e-08,0.310153819889233,0.448,0.39,0.00158313607167202
"GRIK2",7.04540985010127e-08,-0.287732375421312,0.856,0.884,0.00176875014286792
"PRICKLE1",7.58056948284168e-08,0.350266462122678,0.51,0.521,0.0019031019686674
"FIGN",7.70629566523969e-08,0.265889263097616,0.298,0.247,0.00193466552675842
"HTR1E",8.06781683304096e-08,0.367184243679887,0.498,0.497,0.00202542541593493
"BMS1P14",9.05784403614707e-08,0.319549638466476,0.343,0.318,0.00227397174527472
"SYN3",1.27761252585699e-07,0.302343730655918,0.679,0.708,0.00320744624616397
"PCSK2",4.00813817883084e-07,0.264414485330921,0.667,0.705,0.0100624308979548
"ESRRG",4.20357718542231e-07,0.33820197352494,0.543,0.552,0.0105530805240027
"GRIK4",4.34085035398296e-07,0.382595872140542,0.274,0.24,0.0108977048136742
"SSH2",4.38273864681284e-07,0.336913530486748,0.606,0.661,0.0110028653728236
"CTNNA3",4.50250637817388e-07,0.652750468703764,0.285,0.255,0.0113035422624055
"MACF1",4.65691256889965e-07,0.260599057385413,0.681,0.737,0.0116911790042226
"KIAA1958",5.05697570442961e-07,0.336180653428103,0.29,0.255,0.0126955375059705
"AFF2",5.85633442865973e-07,0.418019304377263,0.314,0.276,0.0147023275831503
"MT-CO2",6.15797299857026e-07,-0.294538883940896,0.987,0.998,0.0154595912129106
"NWD2",1.01840401335195e-06,0.382071150703499,0.356,0.337,0.0255670327552008
"AC120193.1",1.04402036452886e-06,0.425618214023058,0.364,0.342,0.0262101312514971
"CALN1",1.72732641243864e-06,0.307285339898543,0.5,0.495,0.043364529584272
"ARAP2",2.1720065576632e-06,0.284275479245498,0.535,0.523,0.0545282246301347
"SHISA9",2.23135373774504e-06,0.281696421792251,0.615,0.632,0.0560181355860891
"DPP7",2.28268407390583e-06,0.383617405247188,0.466,0.49,0.0573067836754058
"PTCHD1-AS",4.2940419121079e-06,0.405281332770752,0.345,0.319,0.107801922203469
"ZFAND3",4.73706390389847e-06,0.268705003811827,0.631,0.695,0.118923989307371
"SLC17A7",5.36804824421765e-06,-0.337897397701831,0.449,0.515,0.134764851171084
"TMEM117",6.7967791058074e-06,0.364096514051653,0.515,0.551,0.170633139451295
"TMTC2",7.42358748169322e-06,0.324667989277786,0.355,0.313,0.186369163727908
"PRELID2",7.68985080477113e-06,-0.290935433086589,0.341,0.419,0.193053704453779
"NIN",9.46918969829842e-06,0.300832733074557,0.529,0.56,0.237724007375782
"NEAT1",9.92582835069493e-06,0.396596843492646,0.251,0.212,0.249187920744196
"GPATCH8",1.0128441616035e-05,0.277957015409074,0.602,0.678,0.254274526770558
"CCDC3",1.15408895810564e-05,0.321797288323394,0.424,0.429,0.289734032932422
"KCND2",1.31240864302218e-05,0.258830681558103,0.817,0.797,0.329480189830718
"AC067956.1",1.39465531579769e-05,0.32505357466611,0.295,0.261,0.35012821703101
"MAP2K5",2.7516163161001e-05,0.334734763206546,0.533,0.582,0.690793276156929
"CDH20",3.22612623735387e-05,0.628586000120024,0.353,0.349,0.80991899188769
"BDP1",3.58631530779326e-05,0.364650430543383,0.446,0.478,0.900344458021499
"SLC16A1-AS1",4.48123211803373e-05,0.391454792862785,0.375,0.38,1
"PARP8",4.62144188439884e-05,0.294774309737934,0.55,0.591,1
"SEZ6L",4.92546158331735e-05,0.252905829955157,0.555,0.584,1
"DLG1",5.56617399419348e-05,0.259668346499226,0.608,0.644,1
"HMGB1",6.53072359257149e-05,0.330025927720253,0.507,0.556,1
"CSGALNACT1",6.86059399972416e-05,0.301023374851623,0.459,0.469,1
"VTI1A",8.22903384273924e-05,0.28847681383651,0.577,0.629,1
"AFF1",9.82942826577971e-05,0.396063286691411,0.285,0.27,1
"SYNPO2",0.000107055173900484,0.37936490014534,0.345,0.347,1
"ASXL3",0.000209126346524862,0.347540519680132,0.452,0.484,1
"PIP4K2A",0.000294065953400519,0.550935088542387,0.306,0.301,1
"PRKG1",0.000339678927124964,0.428847980280647,0.53,0.552,1
"ST6GALNAC3",0.000381057032950103,0.342687254635124,0.371,0.365,1
"SGK1",0.000392909778807397,0.353622384515802,0.336,0.323,1
"BCAS3",0.000407710677038527,0.262020036716115,0.628,0.699,1
"ZSWIM6",0.000427576863663348,0.330104061605554,0.544,0.594,1
"ANKRD11",0.000438258696990559,0.339654245276083,0.435,0.47,1
"SCN3A",0.000518858756208336,0.27664555260984,0.585,0.652,1
"XYLT1",0.000588083714155666,0.308916197206314,0.32,0.316,1
"RAP1GAP2",0.000610455967315189,0.320919181487827,0.345,0.351,1
"ADGRV1",0.000623705673043239,0.370962155408842,0.262,0.247,1
"MAP6",0.000748379756949604,0.335392924167997,0.311,0.309,1
"PPP1R16B",0.000777094290379646,0.364082179210349,0.382,0.403,1
"TBC1D1",0.00083328816390683,0.37559673436157,0.371,0.391,1
"CNR1",0.00116197184548927,-0.270303388978664,0.21,0.255,1
"PDE4B",0.00127377487209262,0.368494437618751,0.426,0.421,1
"UBE2D3",0.00191339563473911,0.283686669224001,0.52,0.581,1
"KLHL29",0.00200188211395106,0.349954412116493,0.39,0.406,1
"LINC00599",0.00208330175742118,0.34930744344198,0.492,0.539,1
"BBS9",0.0023151251625903,0.307208589614818,0.472,0.519,1
"FAM66D",0.00285743408848803,0.32196057987996,0.319,0.33,1
"AC073050.1",0.00301816949581181,0.252059721696752,0.643,0.694,1
"STARD13",0.00313461025340547,0.284870687245784,0.388,0.398,1
"AP001347.1",0.00382321559564447,0.384369876205168,0.377,0.396,1
"ZNF804B",0.00422699424025985,0.569589528662165,0.407,0.42,1
"CDK10",0.00464834004928757,0.342139382472778,0.3,0.302,1
"C9orf3",0.00499192670102363,0.265980450612341,0.507,0.56,1
"NOS1AP",0.00688065449607759,0.310550490502448,0.413,0.451,1
"HDAC4",0.00890645963757412,0.365979684767369,0.333,0.352,1
"LRP1",0.0101787178024416,0.306452368300086,0.278,0.28,1
"FAM13A",0.0121364009346869,0.288950286093325,0.417,0.44,1
"ATG7",0.0139406048947904,0.271603857631179,0.452,0.5,1
"KDM6A",0.0158707959054225,0.312076167231114,0.358,0.388,1
"MIR2052HG",0.0200552564091724,0.297421553284502,0.266,0.261,1
"ANKRD36B",0.0201982439823939,0.255410753804337,0.429,0.474,1
"CYHR1",0.0208648271075726,0.33393332832019,0.279,0.284,1
"QKI",0.021098470681373,0.290439073611557,0.534,0.551,1
"SLCO3A1",0.021900894929224,0.257469341860864,0.451,0.49,1
"SRRM1",0.0271147651582167,0.30472006345359,0.308,0.319,1
"MIR4500HG",0.0388483790854392,0.255457374407035,0.278,0.279,1
"MIR4435-2HG",0.0664748110876053,0.284447080929587,0.25,0.251,1
"FRAS1",0.0700626415435618,0.392731278073277,0.335,0.353,1
"FBXO42",0.079375939066373,0.313709736300239,0.322,0.35,1
"PKN2-AS1",0.0872152440672448,0.286897382827777,0.282,0.287,1
"DDAH1",0.0901349752733529,0.252685703933014,0.352,0.38,1
"AL117190.2",0.104729788576431,0.479682595745257,0.242,0.254,1
"DNAH6",0.106760968237377,0.251073133004371,0.331,0.351,1
"ASCC3",0.116123020446287,0.261960379540041,0.445,0.508,1
"CENPP",0.126815207855873,0.261910172467414,0.313,0.331,1
"RASA2",0.131506585371873,0.273019501506951,0.46,0.534,1
"CDH11",0.159586677403855,0.276044204863072,0.285,0.298,1
"PHLPP1",0.160741738536419,0.28700636277189,0.313,0.381,1
"TRPC5",0.165020317082779,0.275515545899859,0.254,0.263,1
"SFPQ",0.168138498894487,0.261490416810458,0.427,0.498,1
"XPO1",0.168214404701244,0.311017631457058,0.367,0.414,1
"SMG1",0.178843934927389,0.250972557624604,0.44,0.515,1
"PIGQ",0.198082771382717,0.259974473965801,0.327,0.358,1
"NEO1",0.204546179950015,0.270672872534466,0.386,0.438,1
"GAB2",0.20967884196247,0.25727916945994,0.299,0.318,1
"EDIL3",0.268194937584772,0.32597674717287,0.526,0.605,1
"MLLT6",0.277344054398012,0.273063428062227,0.216,0.252,1
"TPD52L2",0.298432650215669,0.301400319836768,0.276,0.298,1
"MAT2A",0.298635738815505,0.263425996234074,0.261,0.279,1
"MAST1",0.300894528288637,0.258204046817476,0.385,0.435,1
"ACTN1",0.338013350919105,0.268138505311596,0.336,0.371,1
"TRPS1",0.382085844528462,0.270710548950171,0.383,0.443,1
"ZNRF3",0.404100821005587,0.269059321771854,0.271,0.295,1
"ATXN7L1",0.407577750249695,0.259965817083293,0.361,0.406,1
"CBLN2",0.43276609659599,-0.479333125536611,0.532,0.468,1
"CRIP2",0.437102944220014,0.253767644956333,0.235,0.251,1
"MIR29B2CHG",0.438110069737726,0.282350461543107,0.322,0.367,1
"NFASC",0.438181707860298,0.271897015274696,0.439,0.517,1
"NAV1",0.438505771440032,0.269547992374232,0.372,0.416,1
"TLE4",0.493678656578334,0.363143449192328,0.286,0.317,1
"OPHN1",0.694372359065281,0.266878517337213,0.359,0.418,1
"AHCYL2",0.769088722284058,0.276016937638432,0.391,0.451,1
"DNAJC1",0.850015385347409,0.280252457674832,0.325,0.375,1
"SMAP1",0.851908544503426,0.260361375973209,0.424,0.513,1
"SGK3",0.869450835849852,0.273853434229,0.238,0.268,1
"AKT2",0.964509928011584,0.276430029432926,0.265,0.304,1
