"","logFC","AveExpr","t","P.Value","adj.P.Val","B"
"GAS2L1",1.17670006799376,9.50676057029784,12.8331714359729,1.59102706656518e-26,3.4453691126469e-22,49.5644985544475
"DTNA",1.57150477262159,9.70625043657392,12.4398322713477,1.99764741730592e-25,2.16295274108798e-21,47.08784668557
"MALAT1",1.51044745782357,12.7172482593137,12.2706211392668,5.93102463638158e-25,4.28121128336144e-21,46.0224427166888
"PXDC1",1.57062486844851,7.65140726816356,12.1143209721985,1.62000470361693e-24,8.77030046420616e-21,45.0386074736424
"HSD17B7",1.19841915559737,9.03952338706006,11.9918263326852,3.55926723075646e-24,1.53506135152871e-20,44.2678627331293
"NSUN6",1.70906663395609,8.68744117434439,11.9640978337612,4.25322932771749e-24,1.53506135152871e-20,44.0934396046317
"AMER2",1.30896786789845,11.3258802643158,11.6353583310747,3.50756327611717e-23,9.34671253417231e-20,42.0272944739786
"SEMA4C",1.28591459485382,9.61050927917515,11.6194344141403,3.88457228388598e-23,9.34671253417231e-20,41.9273107408128
"COL27A1",1.2470387608862,6.85412153465322,11.527386707409,7.00706568227753e-23,1.264483394581e-19,41.3495734218404
"ERBB2IP",1.51441414517356,8.80546877913679,11.4525045526717,1.13192928901956e-22,1.88553298105527e-19,40.8798664641524
"ITPKB",1.61678953421587,6.97872335016703,11.4315417606161,1.29450578944089e-22,2.00232306216732e-19,40.7484249611298
"NUCKS1",1.10630872794356,11.797223111634,11.3818894192274,1.7787503763431e-22,2.56792262664732e-19,40.4371852253815
"SRRM2",1.82409991811957,9.96767623185847,11.3488672789755,2.19719197968717e-22,2.97376202000786e-19,40.2302639112245
"MAFF",2.10169514400609,8.4115990380632,11.3131294874916,2.76143737753694e-22,3.51758390650367e-19,40.0063951698277
"KLF15",1.54525452684972,8.1025378873878,11.1744154534314,6.70049808544001e-22,8.06107144667797e-19,39.1381897490668
"BCL6",1.37149367357425,9.4902961863874,11.1637966497911,7.17058791496903e-22,8.17258322624496e-19,39.0717774517923
"ARHGEF40",1.21586206362466,7.08813696961548,11.1264698487922,9.09999755013153e-22,8.92484105369285e-19,38.8383874947633
"MED13L",1.0916843547506,8.14648671496073,11.1208215244893,9.43403010729946e-22,8.92484105369285e-19,38.8030789734101
"TNPO1",1.1798491968409,10.1538114511639,11.1123074167541,9.9608119485381e-22,8.92484105369285e-19,38.7498601681457
"SASH1",1.37361356027274,10.0552020312689,11.1108932113705,1.00511117028303e-21,8.92484105369285e-19,38.7410209352176
"MAP4K4",1.28251858019449,9.19350711990324,11.0982503080501,1.08955747462386e-21,9.07475658191528e-19,38.6620049649125
"CREBBP",1.05775606283138,8.46587438982276,11.0532085570659,1.45220844279353e-21,1.12312763673907e-18,38.3805937526776
"SLC35E1",1.37936476756008,9.51283448637778,11.0333027370314,1.64874349473533e-21,1.23115656477564e-18,38.2562731772587
"JUND",1.26220003772579,9.82884237741554,11.0243281040625,1.74582949215218e-21,1.26019792175185e-18,38.2002322095399
"NFIA",1.43619638508779,9.03534749994062,10.8784883042383,4.4199088426367e-21,2.99103518710306e-18,37.2904240532392
"ANP32B",1.44569488031182,10.4150128644845,10.8547123857345,5.14172265082836e-21,3.2748236471673e-18,37.1422626357504
"FAM63A",1.68279812540763,8.81881926043882,10.8135275483691,6.68123282368863e-21,4.13068958527875e-18,36.8857295873183
"ACACB",1.62619441696854,8.27832081674059,10.7525211366435,9.84531661757858e-21,5.46667516291447e-18,36.5060034682026
"BBX",1.09136006346392,8.5278193303709,10.7367651757902,1.08815582036714e-20,5.89100357251259e-18,36.4079868382698
"MKNK2",1.59848695140798,10.2369222977102,10.7190614294482,1.21762444881497e-20,6.41282394336231e-18,36.2978803007668
"NFKBIA",1.30637516624459,8.62960685027496,10.7157150299729,1.24377097954845e-20,6.41282394336231e-18,36.2770709819741
"TOB1",1.41903875396248,9.82066302997905,10.671351967079,1.64823674968248e-20,8.30059693357539e-18,36.0013019103224
"SNRNP48",1.05826889219037,7.57502368867465,10.655952896502,1.81737819684335e-20,8.94439201196425e-18,35.9056221041364
"PFKFB3",1.3516983665518,11.5764117006022,10.6292696398164,2.15246494397101e-20,1.01329626873244e-17,35.7398840158266
"CTD-3092A11.2",1.57993539231108,8.57686229840285,10.612493969634,2.39399825014004e-20,1.08004233555797e-17,35.6357207653815
"KIAA0485",1.85775566051548,7.84003185935878,10.5267399112433,4.12128948718238e-20,1.81105089963215e-17,35.1037003858386
"QKI",1.31155513530111,9.95079114429827,10.4934448535891,5.08789417464186e-20,2.11881439138211e-17,34.8973421462951
"LUC7L3",1.01189939013707,11.4005419389467,10.4594517313384,6.30823971307289e-20,2.57745152804893e-17,34.6867795009387
"ADAM33",1.59665125114268,7.85873363225027,10.4391999810064,7.16982160812041e-20,2.87523123933051e-17,34.5613943240853
"RFX4",1.45922614040069,7.34907053456479,10.4319590839807,7.50555988852104e-20,2.9551436251986e-17,34.5165745193468
"TAF3",1.09596687986555,7.86467045478441,10.4127902129176,8.47198893686394e-20,3.21861263908401e-17,34.3979508645881
"EZR",1.63225210648036,6.81209398805539,10.409281236444,8.66188885736622e-20,3.23402074493561e-17,34.3762405362704
"DNAJC1",1.22076644265115,9.21344863616215,10.3932321572074,9.5859942650412e-20,3.51838484422826e-17,34.2769612021883
"CDK13",1.21634543431504,9.044938150443,10.3177804424957,1.54325658952316e-19,5.39019700743935e-17,33.8106135132633
"LOC101929787",1.67315964405862,8.39031962745125,10.2800836272526,1.95726724569491e-19,6.52071110854204e-17,33.5778694698135
"SOX2",1.23666095482457,8.61204190152965,10.2733352079696,2.04229812103164e-19,6.70090391074852e-17,33.5362220277872
"ATP8B1",1.51163669485223,9.00252729558352,10.2303501397542,2.67734061522836e-19,8.54810843182098e-17,33.2710727628649
"NOTCH2",1.51615318072481,8.42783211730951,10.2299415834501,2.68423631200105e-19,8.54810843182098e-17,33.2685537135467
"LPP",1.13517293470081,8.06131956356369,10.1624853788577,4.10338620231845e-19,1.25153279170713e-16,32.8529241465134
"HIPK2",1.52905490917063,9.33578902221686,10.1342883865308,4.89908463414918e-19,1.47346774656251e-16,32.6793614112542
"NOTCH2NL",1.69560171835795,10.9000581891886,10.1249759668919,5.19429087825229e-19,1.54085436943224e-16,32.6220628103333
"MSI2",1.08812877269031,7.59071714139926,10.1040935191081,5.92231386768676e-19,1.7330771189832e-16,32.4936161620713
"VCAN",1.31547401486624,8.20789381282652,10.1013726728476,6.02437181092482e-19,1.73943695420769e-16,32.476884649933
"PRR34-AS1",1.59990808289212,9.02913525309864,10.0934962215444,6.32980285263312e-19,1.78015429576325e-16,32.4284549215216
"PGF",1.65910835735031,10.2067128062062,10.0555958611763,8.02954443385382e-19,2.20100993310259e-16,32.1955342617171
"RP11-403P17.4",1.58917992255678,10.819673172498,10.0371106544553,9.01661170826836e-19,2.44068408178189e-16,32.0820021093543
"PRR11",1.54495187239692,10.8457818073835,10.0192218944805,1.00867632582582e-18,2.69665257231583e-16,31.9721778597898
"GLUL",1.38869947447518,11.8310324284041,10.0055841297893,1.09868344970079e-18,2.87293159146413e-16,31.8884814517069
"KIF5B",1.20733180986458,10.075034357608,10.0052267492497,1.10114671942518e-18,2.87293159146413e-16,31.8862885174605
"PLSCR4",1.61900750373833,9.02728160404202,9.97192680247751,1.35655249581115e-18,3.49716003533219e-16,31.6820342478657
"ZFP36L1",1.62404247055834,7.28586654423941,9.96796622648605,1.39061439279718e-18,3.50314567987051e-16,31.6577513943128
"HIP1R",1.15180203985133,8.40004704020981,9.94524051255115,1.60319654189576e-18,3.94513876304009e-16,31.5184600464141
"ANKRD36",1.95427093926222,9.04271151920111,9.92810706139077,1.78460874704375e-18,4.34221375474522e-16,31.4134940505202
"ZC3H7B",1.24120570976733,7.69943727688696,9.90647531919287,2.04313038309096e-18,4.86197675228953e-16,31.2810306413027
"KMT2E",1.03804918634387,9.6794955344743,9.89031009825902,2.26038519407637e-18,5.32050449757868e-16,31.1820865494311
"LIFR",1.42875747797292,8.41340611539662,9.86563204075821,2.63722908681586e-18,6.14077374999973e-16,31.0311115922414
"RP11-194N12.2",1.84263130360825,6.23670048468665,9.85495249025207,2.81913139898407e-18,6.49449898351063e-16,30.9658045843472
"RAB11FIP3",1.44696050264577,9.13505568321275,9.82224244549063,3.45774269257339e-18,7.48774180076768e-16,30.7658848420713
"LOC202181",2.37624632854386,8.23163477747401,9.71401898226438,6.78704003890801e-18,1.41320530810147e-15,30.1056137250263
"PTMA",1.12597161819731,10.6015587751908,9.68378013729344,8.19169102839627e-18,1.67350065301812e-15,29.921458508313
"RPS16P5",1.80151195575543,7.35775376110146,9.66514662424247,9.19775773546959e-18,1.82731599781279e-15,29.8080539614078
"LRP4",1.74081717141521,9.69940323228849,9.6408006442507,1.06998188450378e-17,2.0687908668687e-15,29.6599689558789
"PALLD",1.13866422898266,8.10153348702584,9.63893379445783,1.08246069534693e-17,2.07439702280866e-15,29.6486178426915
"MNT",1.20841867387754,10.0128310287876,9.63296429040541,1.12334415479976e-17,2.13386119931481e-15,29.6123250128114
"DAZAP1",1.00797262534605,9.79956790929034,9.62392948346822,1.1881636833643e-17,2.23736387506555e-15,29.5574073316431
"MT1M",1.62251584644203,8.12427785656159,9.62099490193339,1.2100086215622e-17,2.25885661206289e-15,29.5395725383686
"AFF1",1.14449046914668,8.49937128660978,9.5922162628145,1.44659910039146e-17,2.63244567386362e-15,29.3647482685688
"IQCA1",1.19192504023129,7.61271258137778,9.56805132986582,1.68045614152512e-17,3.00746097063855e-15,29.2180596860787
"CCDC152",1.61451840235469,10.1564597921109,9.53490318127599,2.0636164546127e-17,3.54663605751096e-15,29.0170032149515
"UBXN2A",1.18432827293986,9.80032345398629,9.51833888448377,2.28650887145538e-17,3.89577782103153e-15,28.9166057011146
"ZBED6",1.31111882078571,6.34936051165096,9.51580711795198,2.32262652029759e-17,3.89577782103153e-15,28.9012646889019
"ID4",1.41519811414949,8.51856371725902,9.51469118336493,2.33872600662249e-17,3.89577782103153e-15,28.894503140148
"ITGB5",1.23745624152808,7.73092083408594,9.46753160512193,3.13092035074034e-17,5.1363697117638e-15,28.608960003571
"CASP6",1.07886904079482,6.20891276180041,9.46244038964247,3.23101700171407e-17,5.2607273061743e-15,28.5781572393179
"NLN",1.23481346096852,9.26968557689292,9.45552804068982,3.37203483737887e-17,5.44935928383877e-15,28.5363437374735
"SEPT9",1.00980148780899,9.75701089631376,9.42487612198256,4.07490494062104e-17,6.44102675103275e-15,28.351031118617
"TP53INP1",1.22013695378069,6.29929189574514,9.39256403390448,4.97412642122018e-17,7.63934096819312e-15,28.1558671134701
"MEGF10",1.31939263099041,9.13196790190928,9.36595452894443,5.86098517117543e-17,8.93800238604253e-15,27.9952913183496
"RBM25",1.15575750060693,10.107373135602,9.32703052928744,7.44898814203314e-17,1.10484820695704e-14,27.7606421688775
"CMBL",1.34588064418094,10.3946963855597,9.32539912217428,7.52417391415511e-17,1.10840806878251e-14,27.7508136585093
"GFAP",1.94761577960151,11.3857152961156,9.31791663250758,7.87880531186945e-17,1.14507066462103e-14,27.705741436147
"ANKDD1A",1.09086324484895,8.62094210970763,9.26744301647145,1.07463720290766e-16,1.55141790859769e-14,27.4019844194428
"DDIT4",1.61709352394166,9.19301176231399,9.25872252893872,1.13378460652364e-16,1.61527010883351e-14,27.349553314793
"NACC2",1.38296084763788,9.44613159426858,9.24618455973968,1.22454341681795e-16,1.73316913014332e-14,27.2741960149622
"PMP2",1.56651259086555,10.4082891806003,9.21941097015466,1.4432627880361e-16,1.99069144426253e-14,27.1133815205424
"LOC100272216",1.64015951959737,8.99239315975121,9.17669774002235,1.87534463703192e-16,2.49144712361511e-14,26.8571214494176
"HIF3A",1.08935498770197,5.71589985079467,9.16855207482598,1.97130279588503e-16,2.60296110029819e-14,26.8082927809238
"MXI1",1.2272015627808,10.5868724712026,9.16073794513571,2.06794079685148e-16,2.71401563368598e-14,26.7614641141866
"TGFBR3",1.26216899199467,8.62602410985577,9.15616691425519,2.12664060885699e-16,2.77424110751796e-14,26.7340765029682
"ESF1",1.07126974957567,8.86918472807474,9.1533270276814,2.16394120942742e-16,2.80599681976951e-14,26.7170632909194
"SYMPK",1.09604623854209,7.25814797944838,9.13667722390509,2.39609304976564e-16,3.05219970545147e-14,26.6173506654765
"STK35",1.11225972305782,9.75890739047797,9.13506307152462,2.4198759337888e-16,3.06446861673664e-14,26.6076868211049
"ZNF423",1.42537595662613,7.99047192686236,9.12088412894041,2.63913820024336e-16,3.30349929053583e-14,26.5228212736084
"C9orf64",1.30712163114522,9.90386754577806,9.11335269300504,2.76352628288097e-16,3.43931963539008e-14,26.4777600644781
"PCDHGA4",1.19224762166704,7.66508869658275,9.09109767029165,3.16619416606568e-16,3.85190644191867e-14,26.3446751799104
"MYO10",1.28268845738716,8.07803460082448,9.05642484212027,3.91277751333206e-16,4.58006470547058e-14,26.1375384110564
"ZNF160",1.38971920036795,9.27499252804657,9.03947183327416,4.33913048019738e-16,5.05182099724056e-14,26.0363529536637
"ZNF721",1.16910652120841,10.9382535097708,9.03730714049985,4.39679537032156e-16,5.0915830879312e-14,26.0234372049372
"TJAP1",1.07145063045673,8.11068458092833,9.03306993040258,4.51188439274048e-16,5.17293662509801e-14,25.9981585710339
"DDX59",1.2051819863864,8.72030002108976,9.01695493597965,4.97761696358138e-16,5.61205285138324e-14,25.9020537428845
"PALD1",1.47756290581038,7.02042681114118,9.01616171206446,5.00173724459462e-16,5.61205285138324e-14,25.8973246404679
"ZNRF3",1.28995966191549,9.21253815870225,9.01411687324061,5.06445380127321e-16,5.6531312920913e-14,25.8851341896495
"CEBPB",1.27771333510429,9.46055755956773,9.0093490689936,5.2137390151694e-16,5.78992401915351e-14,25.8567140852821
"FBXW12",1.32492628373684,9.81455161024108,8.99334273014701,5.74764977531578e-16,6.35027325941139e-14,25.7613388092847
"ITPRIPL2",1.01300880201311,6.90975858767156,8.96907380894551,6.66258396395556e-16,7.25016360499787e-14,25.6168363022682
"FAT1",1.4341126463579,9.40045857565548,8.92165477045781,8.88854482989099e-16,9.20963819575547e-14,25.3348661802611
"KANK1",1.01573237900482,7.84255718919181,8.91805159993147,9.08519948293361e-16,9.31027113107507e-14,25.3134608535901
"TJP1",1.09869107454918,10.4025490537312,8.89165959162579,1.06637211437765e-15,1.07907888489944e-13,25.1567626747329
"HDAC7",1.2803469187358,5.64891519435321,8.87320393855846,1.19267354704935e-15,1.19020026089187e-13,25.0472785064118
"PDCD6",1.02483126346138,9.40290104911003,8.86613994718787,1.24485755235193e-15,1.23093106375256e-13,25.0053933399496
"SKI",1.05095278249177,8.00348142630066,8.86216945170132,1.27517869994528e-15,1.25518157942341e-13,24.9818557043405
"SAMD4A",1.15837624771602,7.88847351809275,8.84763713126866,1.39255019977638e-15,1.35836371964674e-13,24.8957368258679
"MT2A",1.43270207134562,11.5613109206331,8.84502278144035,1.41477694951315e-15,1.37385627092858e-13,24.8802492556494
"TBL1X",1.14279170051306,7.19271138632322,8.81563396913753,1.69024574039196e-15,1.61956953576052e-13,24.7062563529552
"TNS1",1.32988826484191,8.18935160215156,8.77347852742756,2.1808473684862e-15,2.05331520715516e-13,24.4570304351769
"RELL1",1.35248229483943,8.33243674548311,8.76945457819963,2.23450079081837e-15,2.09472357684727e-13,24.4332623471246
"CSRNP1",1.24738139692818,7.54960678384204,8.73900176135861,2.68539704166241e-15,2.4816599282649e-13,24.2535122166174
"COL5A3",1.21588303977007,7.51432906695338,8.73852713125639,2.69309666655392e-15,2.4816599282649e-13,24.2507124193883
"NEK7",1.27939630072284,8.85827156444427,8.72712816986573,2.8847491918954e-15,2.64700185383453e-13,24.1834872076244
"PSD2",1.17996459527787,9.99451529993386,8.72329026375048,2.95227839852047e-15,2.69753538902788e-13,24.1608602077279
"YAP1",1.44158890907225,7.30805660109414,8.69670042002731,3.46528714092143e-15,3.07544233756777e-13,24.0041927463479
"GRAMD1C",1.48942010196293,8.61285186873609,8.69056805943119,3.59564193177031e-15,3.17810718499943e-13,23.9680850893638
"SOX9",1.3960555621851,9.28519869580622,8.68966930574638,3.61515156827286e-15,3.18236208174589e-13,23.9627939473683
"CSPG5",1.05319026101173,10.690164397646,8.67599522585658,3.92528656739954e-15,3.41373817739105e-13,23.8823161382577
"EMX2OS",1.02123173299095,8.15906417949392,8.65757223927771,4.38530107868289e-15,3.73872814405031e-13,23.7739611466005
"AGAP4",1.44170455489783,6.87361725430835,8.6495394999203,4.60227935178876e-15,3.89306091261663e-13,23.7267425631748
"PHF6",1.13305380467044,8.91215732866616,8.64086498069993,4.84858073240637e-15,4.06961301396357e-13,23.675769271952
"BAG3",1.51958374928642,8.8636423360958,8.63186298207089,5.11802830819665e-15,4.24639475149419e-13,23.6228912961569
"FAM107B",1.54422234528129,8.68295960699403,8.62935242536059,5.1957915017237e-15,4.27412978821043e-13,23.6081477985019
"SEMA3F",1.40280799846347,7.33998830853583,8.62887638239872,5.21066850190512e-15,4.27412978821043e-13,23.6053523644286
"ATP1A2",1.36733785270888,11.8365523607481,8.62051373983845,5.47902127845488e-15,4.4437530256532e-13,23.5562541744129
"SLC12A7",1.28746404776153,8.40681764490382,8.60612011962822,5.97343024373237e-15,4.79091229363054e-13,23.4717880836632
"DBT",1.12513119111657,9.27518656986144,8.58511170047434,6.77560738204608e-15,5.35495539628496e-13,23.3485974232185
"ANKRD13D",1.14429183871361,7.84719350226958,8.55118365157913,8.30284081893074e-15,6.44437340265036e-13,23.1498828331351
"PARD3",1.06329114430202,7.55750714853641,8.5445248744422,8.64047837776808e-15,6.63509075427545e-13,23.1109171022871
"KCNJ10",1.42377908961309,8.2824109800116,8.53379267042779,9.2135831125766e-15,7.02535712333966e-13,23.048138408031
"MAPKBP1",1.08451764559095,8.77488744667787,8.51386312715155,1.03797749225991e-14,7.80465367878067e-13,22.9316377424724
"CDK2AP1",1.2123620653582,11.5772998653463,8.51275857590525,1.04485328674725e-14,7.82916883201094e-13,22.9251839415817
"FBXL17",1.05137005956986,8.77697382129823,8.49450849916282,1.16523210145336e-14,8.64147299896322e-13,22.8185959751739
"SRGAP1",1.00241276533372,6.444013729815,8.48357412551948,1.24385118600318e-14,9.19303666651839e-13,22.7547761693733
"KCNE4",1.32265029748629,5.72263271219945,8.48249724644386,1.25187326801165e-14,9.22085565265044e-13,22.7484925188146
"GLIS3",1.18741539962256,6.99721549441722,8.46336766316142,1.40324874805359e-14,1.03007971657967e-12,22.6369208647126
"POU3F3",1.05895529827039,8.47186870501826,8.45913078712401,1.43915974731918e-14,1.05287176784449e-12,22.6122226316884
"SLC5A3",1.02091109928559,9.13705314466608,8.4336566926703,1.67513368766115e-14,1.20515016632233e-12,22.4638250298779
"PLOD2",1.15001885649001,8.11778158738266,8.40389656910842,1.99982361639223e-14,1.41987476763848e-12,22.2906776921254
"SCARNA17",1.40744229513446,6.19675674746132,8.38489591143943,2.23904865510023e-14,1.57424021513622e-12,22.1802540278769
"CXCR4",1.4341307237386,6.36898527459016,8.37710611406619,2.34514562979004e-14,1.63819769719688e-12,22.1350111879222
"RASEF",1.48795404767975,10.412318772091,8.37088783258385,2.43340754321134e-14,1.69438714946115e-12,22.098907430631
"MGC12488",1.63960037917839,7.88747017376851,8.36567367554011,2.50995253164721e-14,1.74208404079552e-12,22.0686417654283
"LOC100289333",1.1686182660825,10.2100463315824,8.34624991552243,2.81672342519874e-14,1.92416863636211e-12,21.9559612923731
"ZCCHC24",1.43205992460774,9.66605657013543,8.34422906039908,2.85070252659019e-14,1.94125670482109e-12,21.9442438854465
"CEBPD",1.1237393208185,8.88420706102471,8.31977778656891,3.29552456515332e-14,2.2231957775201e-12,21.8025582205743
"TNFRSF10B",1.06573184714559,6.56072012045607,8.29705590168521,3.77034011021843e-14,2.48166307254651e-12,21.6710414418297
"GRAMD3",1.3053230780152,8.12450396237822,8.28706215435612,4.00010978667798e-14,2.57804694733665e-12,21.6132418813249
"SLC22A3",1.29941819288463,8.21045640577805,8.24439845890634,5.14773299930129e-14,3.26903689442432e-12,21.3668075336012
"LDLRAP1",1.03425007676465,6.98858538860989,8.2408797177392,5.25582734771553e-14,3.3279222577421e-12,21.3465054244436
"BMPR1B",1.12428043716308,8.41229392851214,8.21892000092584,5.98316547072682e-14,3.73387458987289e-12,21.2198835950264
"MT1G",1.29385198100437,8.87632997097182,8.21513534594859,6.11823900939715e-14,3.79628841686233e-12,21.1980747700643
"NUMBL",1.17783309006585,9.93662834608229,8.21102812368811,6.26824906742298e-14,3.85621970326832e-12,21.1744117975187
"JPX",1.59725108575204,6.67226952918553,8.20610228300688,6.45297638162068e-14,3.95861766413586e-12,21.1460388700047
"SEPP1",1.39878219204964,9.85649563738831,8.19142401724361,7.03606601336944e-14,4.25603378546132e-12,21.0615330278324
"PTPRZ1",1.03174720804096,11.1656989364019,8.1879678448963,7.18079204249472e-14,4.30748065596186e-12,21.0416441227121
"KAT2B",1.31990020527487,9.33680839470441,8.14194195471081,9.41428986548069e-14,5.53984910426588e-12,20.7771126659694
"METTL7A",1.15917764974472,9.56959134674261,8.13967201042956,9.54072661864048e-14,5.58390364666647e-12,20.7640822185327
"MZT2B",1.3959405801651,9.22653106764497,8.09237176673687,1.25940721387477e-13,7.17696400433108e-12,20.4929031115517
"SCRIB",1.15924520243272,8.52253546400017,8.07316681807484,1.40943841970756e-13,7.90709559035417e-12,20.3829873839914
"ANLN",1.19099257809699,7.68105200831606,8.07225026650162,1.41702568803338e-13,7.92911919234182e-12,20.3777444309084
"AQP4",1.26959366678414,9.76439078008202,8.06559275181588,1.47336583321635e-13,8.20198897642673e-12,20.3396689635704
"LOC101060510",1.31578162198367,7.08294966982573,8.06203315564514,1.50439486961725e-13,8.33188514106432e-12,20.3193164652396
"ELAVL3",1.35696789245141,9.70492266511049,8.04371849045029,1.67458197848069e-13,9.15734160202004e-12,20.2146598853595
"RP11-73M18.8",1.08690763360225,7.66685834785192,8.03740755920814,1.73754070356604e-13,9.43018645005581e-12,20.1786203501922
"PTN",1.33077659927098,10.5200934418821,8.03688763144769,1.74283100852473e-13,9.43525137240078e-12,20.175651759471
"TFEB",1.07791562317201,6.63152722182994,8.02985126980704,1.81601665784209e-13,9.75827313289588e-12,20.1354848341494
"PSAT1",1.14089021950893,9.3954962744685,8.0241827615447,1.87718436405798e-13,9.9878200009031e-12,20.1031371720929
"LOC286437",1.42779996888078,8.60213316983175,8.01895330671542,1.93542352334376e-13,1.02724500975512e-11,20.0733036353553
"ITGB8",1.00637446330111,7.15853759121992,8.01469728585369,1.98414102561787e-13,1.0479652173111e-11,20.0490295773
"SLC7A2",1.70681192818563,6.5753529156187,7.99179696230459,2.2679062620226e-13,1.17773405525418e-11,19.9185131995823
"RHOBTB3",1.05539386890165,8.77181895158756,7.99035391646714,2.28707792216866e-13,1.18484862211871e-11,19.910294182318
"CLDN15",1.01972913889612,5.99645564912038,7.98834736055356,2.31400338014217e-13,1.19528644519447e-11,19.8988666958554
"LOC100130987",1.26123226644109,7.65271400602149,7.97332497902628,2.5258188046067e-13,1.2779580891065e-11,19.813352389661
"SLC39A12",1.5632732450399,8.23582573452796,7.97142930934748,2.55387790469991e-13,1.28914279781531e-11,19.8025663003799
"MT1F",1.30693575496046,10.2501386127871,7.96093906547981,2.71482873261227e-13,1.3608707454796e-11,19.7428983619483
"CTB-12A17.3",1.31491185917912,9.88499843022567,7.93491063052685,3.1589077202513e-13,1.55115978870843e-11,19.5949972841344
"SECISBP2L",1.01080929384092,10.1805367631017,7.93087776821805,3.23387473586206e-13,1.58437912681206e-11,19.5721002560604
"SERPINE2",1.04379469380033,10.1089763964696,7.91221848202117,3.6043339089176e-13,1.73834857010269e-11,19.4662262640553
"ZBTB20",1.31283448094187,9.47259930621915,7.90523027101945,3.75364784964441e-13,1.79437625130353e-11,19.4266028111027
"RHPN2",1.3449528588986,7.6235734834855,7.90040738561959,3.86025483890711e-13,1.83722678102271e-11,19.3992658069786
"ARHGEF26",1.0840925465249,7.40312000542729,7.8979820818649,3.91499293981762e-13,1.85919237087172e-11,19.3855215072337
"ZIC1",1.84245494599473,7.85237182792642,7.89725883293562,3.93146474189816e-13,1.86292929947056e-11,19.3814231837569
"SLC38A2",1.04863014616002,10.7926225312542,7.88415379062781,4.24210814580239e-13,1.99838911034134e-11,19.307191475295
"MSX1",1.15281995528335,7.16495967048943,7.86963050415026,4.61483780544243e-13,2.14451314757201e-11,19.2249898693912
"HVCN1",1.45226301789924,6.89844074797253,7.85071425808151,5.14933967494184e-13,2.36749364460436e-11,19.1180248307728
"RIN2",1.15226650913412,8.14178509949358,7.7823978406101,7.64252224233093e-13,3.37752692158523e-11,18.732676512331
"GPRC5B",1.07875288368111,9.45120114945704,7.76602243816044,8.39936128182379e-13,3.66710017253819e-11,18.6405340736608
"XAF1",1.22269364965189,7.55252041580913,7.75069547542038,9.1747963888217e-13,3.98156745090048e-11,18.5543708123819
"HSPA2",1.31976056732479,9.3422914107122,7.74575540017486,9.43952648196483e-13,4.08009872189518e-11,18.5266157850557
"ZFP36L2",1.11207021038715,7.02412749021849,7.73849392333727,9.84244470709077e-13,4.2289313518264e-11,18.4858329636343
"RAB13",1.29247090827696,9.40119309018664,7.73608122603255,9.98005166108568e-13,4.27082152072972e-11,18.4722863290525
"LOC101927166",1.52310595397363,8.54569991345043,7.73574973233029,9.99910649277289e-13,4.27082152072972e-11,18.4704252332953
"XRCC2",1.16446540416126,7.97649668508721,7.6990991580034,1.23439993525557e-12,5.17039276556274e-11,18.2648842024732
"WWTR1",1.1860961402406,6.70898350213066,7.69437088196632,1.26836946500274e-12,5.29220438624939e-11,18.2384000849951
"SLC1A3",1.11885947339213,11.4396379400238,7.68327416295004,1.35177008722932e-12,5.59705186213212e-11,18.1762743689053
"GJA1",1.47162668040724,12.4593530179489,7.65054810592196,1.63066917284817e-12,6.7005960034207e-11,17.9932970822207
"GOLIM4",1.13910927146876,8.33667837995226,7.64814391099923,1.65327247710194e-12,6.78060899462925e-11,17.9798690941525
"EMX2",1.40079966958801,8.59517841709642,7.63483013271739,1.78417361335248e-12,7.26245857089246e-11,17.9055441414933
"AMOTL2",1.09067739413291,8.91706310024416,7.62030870243921,1.93866324733445e-12,7.81783102812432e-11,17.8245463602538
"EFHD1",1.18484384325027,9.87078877143156,7.57218992681254,2.55147152339568e-12,9.93743090631898e-11,17.5566670011607
"SDC4",1.30927949220228,9.45272958954458,7.56958979677432,2.58956557943025e-12,1.00496492155129e-10,17.542214770142
"NFIC",1.33274144034988,9.19496878331394,7.55791878510997,2.76760631722449e-12,1.06263324112582e-10,17.4773730882783
"TMEM123",1.1997271778931,8.44796887126229,7.54252582988976,3.02106556900892e-12,1.14975702806482e-10,17.3919257634284
"MT1E",1.08900288339313,10.1901622775489,7.54026104028427,3.06024650386422e-12,1.16262522879262e-10,17.3793607623539
"GPER1",1.34044777506689,6.22660994769535,7.50020685250757,3.8424100555851e-12,1.41268912994389e-10,17.1574392817213
"FGFR3",1.38291166388694,10.5634779158876,7.48733958324439,4.13339776166396e-12,1.50942206625351e-10,17.0862682167985
"GPAM",1.16168682643395,8.42549656497786,7.47389872186274,4.46064211712044e-12,1.61530443221142e-10,17.0119874538858
"ZIC2",1.52091923088855,8.67240628497534,7.44183312800975,5.34847173779093e-12,1.9239394598316e-10,16.8350384836236
"PECAM1",1.06343044698197,7.00149820126501,7.40724935109631,6.50245653174226e-12,2.3083720687685e-10,16.6446089691377
"HSP90B1",1.2954229191651,8.35366196259287,7.4035081974483,6.64117631666872e-12,2.35375897115321e-10,16.6240349878352
"SLC26A6",1.12350118968336,7.35736672352842,7.39460459908587,6.98319666215257e-12,2.45394295585832e-10,16.5750913490365
"TTYH2",1.01436037185289,8.75562626392318,7.38138154510359,7.52352603598191e-12,2.60675130094701e-10,16.5024568649354
"MEG3",1.10845672336555,11.5092278982013,7.35649810042396,8.6548040411882e-12,2.94685191056494e-10,16.3659456945242
"IL17RB",1.11342461532572,8.05999865166113,7.35188849271551,8.88211474957714e-12,3.01476794517387e-10,16.3406823315623
"SRGN",1.29412912909696,7.78872878528414,7.34406609459536,9.28143857780757e-12,3.14537640692368e-10,16.2978289704399
"TNS3",1.33289189749179,9.72691680392106,7.34092725228653,9.44661690393442e-12,3.18639391050934e-10,16.2806398554741
"SPP1",1.20214316777773,8.9099512420475,7.33726171972493,9.6431930199458e-12,3.24764144396464e-10,16.2605710733266
"PON2",1.17292583208229,9.75422830551934,7.32954984621147,1.00700665484427e-11,3.38088823420971e-10,16.2183648769483
"ND6",1.36860981724838,11.5955676446064,7.32198006977111,1.05072273525874e-11,3.50052320492738e-10,16.1769578797957
"RHOU",1.03939052252179,8.7342124567276,7.313388558235,1.10261547102281e-11,3.64536458396931e-10,16.1299878338022
"AGAP9",1.54669611914355,5.6574389633145,7.30892792446624,1.13054863360116e-11,3.7083724750876e-10,16.1056122924292
"PCSK5",1.03137408443279,7.38064775029948,7.30870727640071,1.13194837498633e-11,3.7083724750876e-10,16.1044067340492
"ELTD1",1.51507586130379,5.65221982996289,7.30435307029113,1.15992356744599e-11,3.78285314051851e-10,16.0806203164428
"IRF2BPL",1.06368589930365,11.7218830113186,7.29044908437399,1.25390992123514e-11,4.05274915587269e-10,16.0047123844061
"NOMO3",1.61632775102672,5.92533125194169,7.27322201948731,1.38085433646638e-11,4.42509051959767e-10,15.9107631846769
"FYCO1",1.01836548160579,6.83696957584327,7.27315501781074,1.38137205783792e-11,4.42509051959767e-10,15.9103980041504
"AK090844",1.22070337875698,9.12914556889622,7.27169323470747,1.39271511206631e-11,4.44171513281235e-10,15.9024312418399
"NXN",1.02693631062932,8.24273578200644,7.25307161320307,1.5455265171337e-11,4.89303753341086e-10,15.801013633023
"RP11-373D23.2",1.25830432396505,6.50823036945695,7.23026022043881,1.75544762325341e-11,5.39208769951101e-10,15.6769571830399
"SSBP3-AS1",1.26446947831639,7.71342962201916,7.22955262331739,1.76239100746923e-11,5.40574748820767e-10,15.6731121934282
"MT1H",1.34176005182826,10.1617002015353,7.22765962615437,1.78109996018375e-11,5.45540588936056e-10,15.6628268373056
"RP11-334C17.5",1.75034092796376,6.2382527790709,7.21289155230774,1.93395322379063e-11,5.88198835129019e-10,15.5826335308821
"LOC728061",1.23503342488718,7.76722331071815,7.20719581681821,1.99630787979559e-11,6.04616043873756e-10,15.5517270251208
"OSMR",1.03889904739016,6.50670555263946,7.18012745005315,2.32087016328632e-11,6.93219908771934e-10,15.4050181113624
"LOC100131541",1.88210810334508,5.56138041326902,7.17515959275949,2.38586034967798e-11,7.10671332493488e-10,15.3781233994485
"MT1X",1.22431894871831,10.3873552874159,7.15953422563183,2.60221924564334e-11,7.69540681864747e-10,15.29359413594
"RAB31",1.13786849869968,10.0089101737396,7.15908199245787,2.60876151004939e-11,7.69655728884464e-10,15.2911490840675
"GABRG1",1.1323877471186,7.85098440341788,7.14020454083203,2.89684040582968e-11,8.40899182148014e-10,15.1891571369016
"PIDD1",1.03068876826591,7.04137986759365,7.12946372230234,3.07454727093201e-11,8.90812514562608e-10,15.1311884129913
"RP11-395B7.7",1.25936797474049,6.01881442324258,7.12215915527854,3.20150891672921e-11,9.15834552070951e-10,15.0917911868179
"ACKR3",1.28707421913109,7.10358404961285,7.1149686216347,3.33154185030279e-11,9.46778723993529e-10,15.053029510051
"FAM198B",1.17519728218873,8.67581886754671,7.10343113460567,3.5511636480641e-11,1.00655037694801e-09,14.9908775299012
"LOC646014",1.25062247604086,8.1467685856701,7.09751080025531,3.66934943955649e-11,1.03328689354481e-09,14.9590053558375
"LOC100130429",1.69749826595432,6.98300455612087,7.09091216270818,3.80565656099956e-11,1.06189413684432e-09,14.9234978937287
"BCAS1",1.65706521827299,8.44198812594466,7.08109784517656,4.01768727524712e-11,1.10973237175353e-09,14.8707187342006
"KLF2",1.07321795905308,7.0167088026034,7.06109723650256,4.48654105011568e-11,1.22671775808403e-09,14.7632787609214
"SLAIN1",1.04612734591663,9.0828151038148,7.05121322094259,4.73779040778216e-11,1.28567482807673e-09,14.7102424784426
"PCAT19",1.4485039486127,6.06068365636369,7.04295683607535,4.95827427099975e-11,1.33879587703865e-09,14.6659698675327
"LOC439911",1.06791374671468,7.58896973364974,7.0237085278294,5.51239500305700e-11,1.47008514521182e-09,14.5628625530221
"BC022892",1.74397496556337,4.69970259262255,7.01101971007846,5.91066499407893e-11,1.56473655802909e-09,14.4949742244601
"VASN",1.07139491500959,6.69864385966805,7.00356614678931,6.15771788500962e-11,1.62220657907401e-09,14.4551262161779
"KIF1C",1.08893034653939,6.63513688777233,6.98157615460135,6.94752754866664e-11,1.8214129426922e-09,14.337695622114
"BC045805",1.26476648761308,7.42995179995611,6.97046731918874,7.38372103080332e-11,1.92412128666722e-09,14.2784474106893
"ID2",1.04122310450794,9.52512688996258,6.96860990870002,7.45924449115803e-11,1.94146561846186e-09,14.2685459672345
"LOC100134445",1.13304554582007,8.60030080063396,6.95711989604226,7.94366997200946e-11,2.0478592052841e-09,14.2073267045135
"LOC100289019",1.046778870257,7.7107123191262,6.94383043301932,8.54276867527386e-11,2.17639594897712e-09,14.1365875755595
"MAML2",1.03616365879507,7.2991123176344,6.9388641410039,8.77791414024176e-11,2.2336748614211e-09,14.1101709394627
"ASCL1",1.00339069994432,7.49614310522043,6.9090124975453,1.033201256805e-10,2.59258090569087e-09,13.9515995145196
"SLC25A18",1.38909661976978,10.0597972431266,6.89733695308624,1.10111145871052e-10,2.75023859727523e-09,13.8896799382342
"NKX2-2",1.42022487294183,6.40757846233154,6.89615804991066,1.10820846069011e-10,2.76159427114435e-09,13.8834309537258
"DTX3L",1.11861815895333,7.01074969290576,6.87545949014099,1.24042394298396e-10,3.05938274320246e-09,13.7738092630862
"C21orf91",1.11827089125186,8.14494637376974,6.87272063071453,1.25904552951953e-10,3.09122799793032e-09,13.7593174331409
"FOXC1",1.6062573706004,7.95091517098428,6.87073615222047,1.27271005103098e-10,3.11418487627975e-09,13.7488191454483
"LOC100289283",1.29946301447258,6.91920896878411,6.86920183295004,1.28337507547164e-10,3.1337156844502e-09,13.7407034242543
"LOC100129447",1.13467493052312,7.90866453081945,6.8490193254998,1.4321441617907e-10,3.45357258614449e-09,13.6340411164299
"SERPINB6",1.01291058604481,7.29313859142552,6.82210135759484,1.65730978580516e-10,3.94385092435283e-09,13.4920506512692
"VASP",1.2298291100684,6.1989319173285,6.80764803961977,1.7922613950773e-10,4.23705464087324e-09,13.4159374296448
"OLIG1",1.26202776679474,10.7289426091802,6.78537960372642,2.02166228190928e-10,4.72266415477297e-09,13.2988433784441
"RP11-1114A5.4",1.16294923884316,6.33191610688948,6.77161957330418,2.17763667940006e-10,5.05973415154595e-09,13.2265954055925
"C11orf96",1.3953262088362,10.2260611073847,6.74894561545518,2.46091574621831e-10,5.65723253549442e-09,13.1077223495014
"RP11-157P1.4",1.2377277617476,6.33731412156423,6.74122558114083,2.56542172565093e-10,5.86014846719102e-09,13.0672991968408
"RP11-357G3.2",1.94050157457805,5.51777403598486,6.71677104541509,2.92618300129854e-10,6.60067634303333e-09,12.9394229425378
"ZNF566",1.38465622604555,6.17093017552516,6.71500416315982,2.9541048131491e-10,6.64290132178025e-09,12.9301937624723
"ID3",1.95344736438725,6.2208834852461,6.69526033192792,3.28454119635308e-10,7.30254000072135e-09,12.8271562367728
"ITGA6",1.04885939994987,6.74243589587992,6.68484052972528,3.47334564720163e-10,7.65939918433313e-09,12.7728471615184
"TFAP2C",1.25186086324397,4.64400210967133,6.67366329816911,3.68776668472474e-10,8.0340631345789e-09,12.714643427337
"KLF4",1.34199900190945,6.41673554109301,6.66936730076602,3.77360445998405e-10,8.17992037847393e-09,12.6922873383641
"AHNAK",1.11329406128828,6.74436211219664,6.66559548408289,3.85058924894092e-10,8.33012089768388e-09,12.6726657752763
"PTPRO",1.10882970552772,12.1966455720286,6.63495436895758,4.53607857670851e-10,9.62084050721085e-09,12.5134997695923
"ARHGEF1",1.02583169472346,7.8048424772053,6.61803972524906,4.96459474634518e-10,1.04478424909723e-08,12.4258152970327
"RP11-389C8.2",1.92007467245227,6.13445809755082,6.60676243196398,5.27219479854946e-10,1.10629242599407e-08,12.3674256100228
"PLP1",1.0770739204125,11.537102096667,6.60621758412211,5.28752214568851e-10,1.10843457952454e-08,12.3646060318183
"EPS8",1.12196482667462,7.80670152168824,6.58344484009875,5.9689385056988e-10,1.23691256785557e-08,12.2468768498669
"HIST1H2AC",1.00381892305507,7.8001013962677,6.5740885510758,6.27332917057842e-10,1.29750662071514e-08,12.1985750209742
"GAREML",1.09841125107766,6.76337590978007,6.56297667339288,6.65473258042115e-10,1.3698501333557e-08,12.1412614140743
"CARD6",1.44629353827108,5.27210825433043,6.56251803537191,6.67095598877779e-10,1.37188558344713e-08,12.1388970217247
"PRO2852",1.22051386514925,6.6105915321115,6.55732005542235,6.85756758018918e-10,1.40492550566695e-08,12.1121068214853
"MYBPC1",1.06221093058055,8.93411739063204,6.55203880171808,7.0524302717104e-10,1.43940035375955e-08,12.0848999989503
"GBP1",1.00855856611449,5.80838154725406,6.55171836789642,7.06442715950265e-10,1.44049124424699e-08,12.0832496651372
"MRVI1",1.03026908630792,8.72562887800125,6.52909214027706,7.96432656245105e-10,1.59544395661311e-08,11.9668358292765
"F3",1.33596927574978,9.03658020235558,6.52746268815384,8.03332437733471e-10,1.60723529046203e-08,11.9584611827494
"APOLD1",1.1114210629588,9.20410578697707,6.52599393352271,8.09602153806865e-10,1.61733714397488e-08,11.9509134893897
"LOC102724356",1.11907290924434,9.33634155936683,6.51440106978656,8.60808630583097e-10,1.71016613718137e-08,11.8913743042992
"TNFRSF1A",1.2074411001166,7.16456407251842,6.4943023129836,9.57244283390135e-10,1.87593891011886e-08,11.7882963885159
"ITGAV",1.03614689394225,10.0202202016418,6.48320511320443,1.01496629952448e-09,1.97121930190158e-08,11.7314633576096
"PAXIP1OS",1.07467902510208,5.33562577427984,6.48015563221012,1.03141922284902e-09,1.99601280346699e-08,11.7158557574429
"CUX1",1.08498058867293,8.76485677044828,6.46761325838518,1.10189308127359e-09,2.1191380706021e-08,11.6517076933454
"LAMB2",1.13520458092237,7.22336671915192,6.46038059699984,1.14466414026584e-09,2.18586437014611e-08,11.614749362944
"MIR302B",1.03296247494773,6.62969512658147,6.46012578750311,1.14620039524055e-09,2.18686956466379e-08,11.6134477496405
"C19orf18",1.06086989159769,5.91881318207371,6.45829214635416,1.15731545642297e-09,2.2041922787018e-08,11.6040820669718
"PAIP2B",1.19118349685071,7.62860916070178,6.44936445653582,1.21296599594082e-09,2.30006818232036e-08,11.5585044883016
"AEBP1",1.29775318788268,6.74903402039827,6.436773213749,1.29595240370284e-09,2.43821453537662e-08,11.4942869199769
"AX747507",1.39689564807481,6.59500003965905,6.4290836585637,1.34935351976971e-09,2.52366271132944e-08,11.4551052604034
"PBXIP1",1.0510923957962,8.14339242640932,6.42022443462982,1.41356434211759e-09,2.63431461519418e-08,11.4099979552425
"MROH6",1.24482272468452,7.03340897968131,6.40019978508057,1.56997981388048e-09,2.87800582895107e-08,11.3081769976832
"RP11-690I21.2",1.13961004060536,9.25098493229949,6.39042466604548,1.65239795110017e-09,3.0114741460018e-08,11.2585412723667
"LPAR1",1.09799149310955,8.62265686091282,6.38865054341877,1.66780593770162e-09,3.03243808404103e-08,11.2495375386525
"C14orf37",1.08168442460608,7.48600223384463,6.38009035683249,1.74415785480459e-09,3.15800487841081e-08,11.2061152173485
"IGFBP7",1.07411337332161,9.67597454106883,6.36810541658328,1.85686045814172e-09,3.34528396181854e-08,11.1453788589271
"ANKRD36B",1.41779429112056,11.5130577474823,6.31780030315804,2.4132781013684e-09,4.25219994183341e-08,10.8911929512722
"CRB2",1.46734772965937,5.29464904140466,6.31738823104985,2.41845323675073e-09,4.25785405218187e-08,10.8891158016036
"SLC18B1",1.06811760699998,9.40554043110621,6.31377092148578,2.46435297520595e-09,4.32810735426478e-08,10.8708853769216
"FAM107A",1.17868792649209,11.4431426481422,6.30836596691362,2.53453564454935e-09,4.43697408106033e-08,10.8436573556224
"AIF1L",1.07341328488646,7.41687248499355,6.3055834503651,2.57142847062088e-09,4.49066802671736e-08,10.8296456243719
"EPAS1",1.22448193640681,8.81721066528395,6.30323875076503,2.60292569778745e-09,4.53835394408915e-08,10.8178414754693
"RP11-295G20.2",1.15972964213579,4.86230368072673,6.25380423469411,3.36261981853065e-09,5.72915280647374e-08,10.5695879166459
"LOC101930415",1.16411484690983,9.3183202124485,6.23758446393502,3.65645282593877e-09,6.18597546450813e-08,10.4883934311354
"PDK4",1.09347630105592,7.62877733053585,6.22518423723032,3.89796823262719e-09,6.53838126084755e-08,10.4264060318882
"LOC102724870",1.14902379784815,10.2396515298068,6.19092431431978,4.64965825116657e-09,7.62335997558577e-08,10.2555374214483
"AF289551",1.49073533202615,5.25842675226754,6.17311587704979,5.09487064134128e-09,8.25819039956927e-08,10.1669483819942
"LOC100133089",1.34049696470761,7.06245249827834,6.16188509535157,5.39688914399036e-09,8.69565732240412e-08,10.1111612151742
"RP11-69I8.2",1.11830577322387,5.81548764541279,6.15258035371105,5.66036902217848e-09,9.03947575038902e-08,10.0649889284818
"EBF1",1.0047430306671,5.66026192851741,6.1250504189651,6.51609684676496e-09,1.02250780591808e-07,9.92863239775565
"LRRC32",1.37440850772946,5.76410678778498,6.11407090463548,6.89172926537702e-09,1.07444490454816e-07,9.87435658992244
"SNX31",1.7774055393369,5.44578366022991,6.11112838909501,6.99595831759363e-09,1.08834394660553e-07,9.85982095022304
"CLDN11",1.0016024606732,8.25885417158841,6.09583787496987,7.56298502443619e-09,1.17150529831306e-07,9.78435810486621
"RP11-589P10.5",1.20656448585807,7.24982173052082,6.09158421673052,7.72858641477292e-09,1.19458733542322e-07,9.76338613772517
"IFITM1",1.023189127036,8.94037053750325,6.08358059053115,8.04988076395809e-09,1.23456209591723e-07,9.7239503896226
"YBX3",1.01216235693483,6.96091237966405,6.02628074262149,1.07654964804814e-08,1.59239635440455e-07,9.44257228175638
"SEPSECS-AS1",1.10341845960995,6.00731157982394,5.96411573842548,1.47299401932861e-08,2.11944754076818e-07,9.13920987881825
"LOC100134822",1.17870373437237,5.78532392666616,5.96094241653124,1.49668162448962e-08,2.14924672270044e-07,9.1237779220835
"BC041025",1.46663450300822,6.03088106371594,5.9525848931722,1.56086832018116e-08,2.22372391273178e-07,9.0831601405559
"PRO1804",1.46545519206694,6.89026109762361,5.95156461044364,1.56888665810775e-08,2.23074462122937e-07,9.07820403397983
"CSPG4",1.04576755609142,5.92177947904451,5.94612027783453,1.6123606148103e-08,2.28655331458527e-07,9.05176692852006
"KCNJ16",1.09110988590274,7.07967192338497,5.93934059326194,1.66815077702322e-08,2.35028009605971e-07,9.01886714156993
"DDIT4L",1.18979262724513,7.50116380158691,5.93323219738945,1.7200341445485e-08,2.41239244819934e-07,8.98924550876513
"HEPH",1.04393796173067,7.93722506080832,5.92882171767253,1.75847559286522e-08,2.46311700928178e-07,8.9678697823382
"SOX2-OT",1.18087415001743,9.48218054710251,5.92251735759932,1.81488954992302e-08,2.5306782487819e-07,8.93733293125207
"FGR",1.29816489357486,6.15880079069365,5.86984972624202,2.36089363916993e-08,3.21339734482872e-07,8.68304125553107
"CXCL1",1.26899358142403,5.67857377552107,5.86376991655194,2.43345287428888e-08,3.30799886959985e-07,8.65378102240529
"LEAP2",1.2023493831314,6.36406216420177,5.84064131254465,2.72997984612163e-08,3.65827435444084e-07,8.54265005232671
"CHST6",1.64183634986543,4.37724956235156,5.83871760976267,2.75617953948719e-08,3.68653909373657e-07,8.53341968022711
"SLCO4A1",1.03361191956277,6.94721164387188,5.82179628278309,2.99750018494591e-08,3.97251325000023e-07,8.45231254568872
"RP11-271C24.3",1.04221467912757,7.90772015332556,5.81730434481918,3.06496092484089e-08,4.05943295580608e-07,8.43080761100762
"LATS2",1.12250343215271,7.1479523534627,5.78368307690943,3.61932158011839e-08,4.73001863714325e-07,8.27019216867027
"RP11-38P22.2",1.10670108804428,8.29051828531301,5.78336546550065,3.62500020326602e-08,4.73458259359021e-07,8.26867778406073
"PHYHD1",1.11347139997908,6.4316929532559,5.77738601128041,3.73354965733856e-08,4.85877510995592e-07,8.24017767969694
"C15orf52",1.17107642578677,6.42249249492146,5.74504506774194,4.37812341289968e-08,5.59340781748334e-07,8.08636595509238
"FOXD1",1.57423082035206,5.02640355601779,5.72834150763023,4.75245620143194e-08,6.02190983276821e-07,8.00714782465343
"COL1A2",1.00861479521031,6.04689919237756,5.72316824718414,4.87461404917027e-08,6.14791888379628e-07,7.98264410702296
"CASP7",1.05937322096349,6.90538825079847,5.71675611521492,5.03029436137999e-08,6.31484199395268e-07,7.95229268255277
"PAQR6",1.19770794465083,9.09915736287081,5.70593050045603,5.30423466375389e-08,6.62799778670459e-07,7.90110149905209
"AY940074",1.03195401411537,6.41756567145445,5.70427891964348,5.34729049874035e-08,6.67794554499552e-07,7.89329731346546
"CYYR1",1.01352415601939,5.89202707855692,5.70003772635589,5.45942805904971e-08,6.80621270113537e-07,7.87326334993643
"ASAP1-IT2",1.21216551643876,5.49844270939608,5.66801341341631,6.38368852212626e-08,7.81893523453869e-07,7.72231149676508
"EIF3C",1.17426528153831,5.24322911780873,5.64121735247016,7.27319327982545e-08,8.80385692982785e-07,7.59644028251218
"ERC2-IT1",1.15488921679893,7.99159345614184,5.63427480653933,7.5227431789474e-08,9.08561090575047e-07,7.56389367196422
"AP000347.2",1.10256062651453,5.71273532907118,5.60209389965162,8.79310539102358e-08,1.04222603854743e-06,7.4133815506412
"HDAC1",1.00181786322559,8.27109339406347,5.58950345874948,9.34521334044243e-08,1.09507897666277e-06,7.35465331427535
"VAC14-AS1",1.27129583328748,6.02157948553926,5.53502625924431,1.2150451006411e-07,1.39215881769222e-06,7.10157518718121
"MIR34A",1.13826311586955,7.12903557435197,5.48261455684288,1.56174398296628e-07,1.74277262254169e-06,6.85968657933309
"LOC285696",1.26032635473155,5.2100395851759,5.47006006700439,1.65815886145878e-07,1.83844027155711e-06,6.80197948683053
"SMIM10",1.08139785519462,5.14981211783915,5.46996842898078,1.65888353295894e-07,1.83844027155711e-06,6.80155860371047
"ESAM",1.3143489431761,4.76631463849395,5.46140825630111,1.7279574099543e-07,1.90912845472247e-06,6.76226405918943
"LENG8",1.01533020267813,7.13611544037872,5.44833194930628,1.83892199660924e-07,2.01834038705389e-06,6.70232042248072
"TCIRG1",1.45062429040399,5.16164302550731,5.44145441110772,1.90004321451564e-07,2.07700332207653e-06,6.67083253602772
"TCAP",1.08140540907258,4.89456301389768,5.44133843778223,1.90109068125874e-07,2.07709983363562e-06,6.67030180276249
"PRDM16",1.00037496403601,7.16482184925913,5.40780598893551,2.22881131638468e-07,2.39766065853504e-06,6.51717381733845
"MRGPRF",1.17360646347442,5.7541455430861,5.34640176443502,2.97746030875019e-07,3.09538660518413e-06,6.23847221054089
"AK021977",1.19904762678159,8.02032907995161,5.34372940966945,3.01507946273955e-07,3.13031947573145e-06,6.22639331033225
"GJA4",1.0731170775582,5.80676581709624,5.3415405346626,3.04623726278101e-07,3.15930401942159e-06,6.21650285732814
"RP3-327A19.5",1.10196370414442,5.27185508653466,5.32686183633239,3.26343941738264e-07,3.35882987563789e-06,6.150250280119
"PKD1P1",1.18851430213813,5.63141723151067,5.31587091990629,3.43587848783027e-07,3.50962021952663e-06,6.1007262091007
"NLRC5",1.17856029089713,6.81572271916154,5.3128495753103,3.48481587905679e-07,3.55123236992822e-06,6.08712487786834
"ACSF2",1.16148833767101,5.64031613677491,5.28735747816112,3.92565781400626e-07,3.9502843848655e-06,5.97258230320868
"FAM65C",1.12953674266406,4.79235162108455,5.2815691563435,4.03307773066658e-07,4.04334714155485e-06,5.94662790618867
"SLC14A1",1.12705294979938,7.64028004266833,5.26657228687158,4.32487724859312e-07,4.30203108949398e-06,5.87947636695754
"NDRG2",1.03031098855793,9.42507924866561,5.24967677843469,4.67826319816801e-07,4.60908960674833e-06,5.80398493479016
"FBXW4P1",1.0131864753886,5.48223385239915,5.22418569469151,5.26519429782691e-07,5.13825067685632e-06,5.69041262727934
"CHI3L1",1.02377442446157,7.97383147751758,5.21393047344109,5.52101257157353e-07,5.35892098778237e-06,5.64483252816959
"ZNF217",1.04509450841319,5.62070003283908,5.20422622872185,5.77419878946365e-07,5.56972270760959e-06,5.60175996766909
"BC045789",1.25150499821819,5.05409041863277,5.19360309335736,6.06431049992546e-07,5.81330871517866e-06,5.55467443440838
"UHRF1",1.20568915487988,5.61042239604155,5.18328413292063,6.35966557077379e-07,6.06689682533508e-06,5.50900283720574
"TDRD10",1.0634280411073,5.99688826096618,5.1762743121636,6.56823548215245e-07,6.22745794071854e-06,5.47801446197185
"RP11-65J3.14",1.13019392643144,4.97490770922301,5.17295727729783,6.66923450232529e-07,6.30389668912502e-06,5.46336126709402
"GIMAP7",1.27042301505845,5.98276604110981,5.15330621715775,7.29929061375578e-07,6.83972904547302e-06,5.37668951170907
"SLC6A12",1.04533733998987,6.82442094852647,5.13740338278428,7.85119292797726e-07,7.29063391317957e-06,5.30672267887827
"KDELC2",1.04103563839132,5.94588321208685,5.08722652515316,9.87167237476441e-07,8.92199771600682e-06,5.08698357230185
"PEAR1",1.15773026185349,5.9148126832235,5.07713872154561,1.03349345761231e-06,9.30187066691381e-06,5.04299427325
"STAG3L3",1.17810242679929,5.37932517184905,4.95921252084934,1.75865867772786e-06,1.48474673162561e-05,4.53348343717594
"APLNR",1.36657935989347,6.61922650219329,4.92233442966697,2.07316748815704e-06,1.71287455002063e-05,4.375952355776
"P2RY14",1.30859000627696,6.73969086800841,4.92027915977848,2.09221352419763e-06,1.72597652824761e-05,4.36719844394028
"SLC16A9",1.16834426847739,7.04477064637962,4.88643074271578,2.43138610030412e-06,1.97123421947158e-05,4.223418864646
"AP000253.1",1.14774635831268,4.76184056786089,4.88598189992794,2.43622333546712e-06,1.97441677880016e-05,4.22151723570676
"AOC3",1.21215892441991,5.65428281095769,4.85848846923004,2.75097975091513e-06,2.20720513175499e-05,4.10528235113774
"LSR",1.10003359532019,4.26237980288667,4.85029836595873,2.8521233657795e-06,2.27654741931276e-05,4.07075115772416
"AP000265.1",1.15744689032022,4.88896079040341,4.83872153932083,3.0012549303044e-06,2.38460641426886e-05,4.02201493197429
"PP12719",1.03062328463322,5.72215553614284,4.83414214807081,3.06230644699774e-06,2.42376630518041e-05,4.00276056340685
"RARRES2",1.15777436792706,6.40677122810165,4.82560167011478,3.17939363454606e-06,2.50089971507791e-05,3.96688791962514
"CLTC-IT1",1.14532537630657,5.19285026548408,4.81821616154783,3.28413060325778e-06,2.57207407643932e-05,3.93590474790341
"LOC100133669",1.01005939720903,5.73238254594505,4.81150556354659,3.38218611753201e-06,2.64408810018613e-05,3.9077837112173
"PKN3",1.03594796799616,5.06195626864212,4.76419878041969,4.15839421893143e-06,3.16631599194656e-05,3.71037763593612
"RDH5",1.05233863165243,6.30689978932026,4.75412164370618,4.34471193468803e-06,3.29197819963854e-05,3.66851648088308
"LOC102724611",1.15041988568349,3.9194833263877,4.73656426637877,4.68878447146737e-06,3.52676720144585e-05,3.59574167228524
"LOC441242",1.03689379530818,3.91203370292793,4.69770068376964,5.54660340719247e-06,4.09239171321134e-05,3.43537824893563
"KRTAP10-11",1.0373870081409,5.17564438768905,4.67030284078927,6.24048315986583e-06,4.5500896574712e-05,3.32292919347579
"ZNF713",1.1393651037723,4.90855878685931,4.6259339668832,7.54535863941925e-06,5.3854562075354e-05,3.14189035588721
"LOC158434",1.09057677569925,4.89342762418315,4.53206300554116,1.12289807389774e-05,7.65869536700959e-05,2.76324611384411
"RP11-421E14.2",1.06991615220994,4.59579275803667,4.52724444850197,1.14587364240925e-05,7.79575674721092e-05,2.74397139000315
"CHRDL1",1.00968596312824,9.28239765166733,4.48398738323147,1.37344217023626e-05,9.19947114026172e-05,2.57165149220659
"HIGD1B",1.52937910353067,6.19981056157937,4.46785076782785,1.469004917123e-05,9.76705602711039e-05,2.5076989375653
"TGFB1I1",1.41183530401867,5.6582113150581,4.45170942604223,1.57098021997219e-05,0.000103781502939286,2.44390759470399
"SERPINA3",1.41164609792055,7.66341803058789,4.40955782339667,1.87040871118571e-05,0.00012087048833401,2.27817451964872
"LRRC69",1.0431234798102,5.52496524779297,4.37139679004153,2.18821864801098e-05,0.000137990316897722,2.12919996157613
"LOC101929143",1.03917162621037,5.14007448914356,4.31250747226733,2.7825389978107e-05,0.000171035713873377,1.90131236113449
"RP11-5C23.1",1.01458748090901,5.38184236444447,4.31169999060087,2.79167668903234e-05,0.000171548690978988,1.89820461372765
"RP11-305O6.3",1.05424066567939,5.50667118500744,4.3024492011972,2.89843684770683e-05,0.00017730409586749,1.86263414397984
"NKAPP1",1.02373021822519,4.6638722866471,4.27975159017234,3.17723014286715e-05,0.00019218692386533,1.77561623233756
"HLA-DRB4",1.13504921571197,3.60699701118291,4.25924885332608,3.45101979280434e-05,0.000206498573122901,1.69732815357125
"RGS1",1.185260762925,5.52237053658186,3.93095221283584,0.000124677280212199,0.000638724036667889,0.485274721532347
"TRIM56",1.00120136763254,5.71346042763176,3.72037907659732,0.000273118502614209,0.00126700539291146,-0.249858462592177
